loan_id,amount,duration,payments,status,acc_age_at_loan,is_account_shared,sex,age,num_inhab,perc_urban_inhab,avg_salary,enterp_per_1000,num_crimes,unemployment,unemployment_delta,crimes_delta,type_card_classic,type_card_gold,type_card_junior,type_card_other,has_card,min_balance,avg_balance,max_balance,sanctions,only_to_na
4962,30276,12,2523,,16,0,0,37,228848,57.2,9893.0,96,25.14,4.4,0.15,4.68,0,0,0,1,0,23427.7,60262.86048387097,119652.7,0,0
4967,318480,60,5308,,14,0,0,47,70646,58.4,8547.0,120,21.98,3.14,0.37,-1.31,0,0,0,1,0,-1011.2,38562.70754716981,104761.5,1,0
4968,110736,48,2307,,8,0,1,59,51428,52.7,8402.0,120,20.4,3.56,0.27,9.98,0,0,0,1,0,13841.0,31383.44909090909,55991.1,0,0
4986,102876,12,8573,,15,1,0,57,323870,100.0,10673.0,100,57.32,5.1,0.15,-2.31,0,0,0,1,0,11502.9,32616.08411214953,60334.7,0,0
4988,265320,36,7370,,21,0,0,32,105606,53.0,8254.0,97,21.26,3.28,0.35,7.36,0,0,0,1,0,379.0,49405.83150684931,116038.4,4,1
4989,352704,48,7348,,17,0,1,49,103347,67.0,9104.0,123,22.52,1.79,0.37,2.38,1,0,0,0,1,6835.7,29832.00909090909,74693.6,0,1
4990,162576,36,4516,,13,0,0,46,159617,85.2,9198.0,131,37.36,3.8,0.29,5.81,0,0,0,1,0,29504.6,47508.35696202532,79652.2,0,0
5005,27456,12,2288,,8,0,0,32,161227,69.7,8678.0,102,29.7,5.75,-0.06,-7.74,0,0,0,1,0,800.0,48780.096000000005,111282.3,0,0
5015,109344,12,9112,,16,0,1,55,285387,89.9,10177.0,81,35.02,7.19,0.17,2.34,1,0,0,0,1,25271.1,49807.97662337663,80433.2,0,0
5027,160920,36,4470,,11,0,0,28,85852,59.8,8965.0,104,31.88,7.66,0.16,6.38,1,0,0,0,1,700.0,51649.398305084746,74906.0,0,0
5034,112752,36,3132,,22,0,1,43,161227,69.7,8678.0,102,29.7,5.75,-0.06,-7.74,0,0,0,1,0,19261.7,48429.21973684211,68401.9,0,0
5036,91248,48,1901,,19,0,1,26,177686,74.8,10045.0,135,36.3,1.56,0.2,-4.68,0,0,0,1,0,12223.2,28860.940579710143,59725.7,0,1
5039,66840,24,2785,,15,1,1,60,58796,51.9,9045.0,124,31.67,3.36,0.15,1.85,0,0,0,1,0,15580.3,37484.67831325301,109016.3,0,0
5041,369000,60,6150,,21,0,1,25,162580,72.8,9538.0,111,35.34,1.66,0.2,-10.99,0,0,0,1,0,23033.5,51688.71650485437,110827.3,0,0
5042,331584,48,6908,,19,1,1,26,95907,59.1,8388.0,87,17.34,2.68,0.22,0.58,0,0,0,1,0,22743.5,42853.861764705885,73515.0,0,1
5043,468060,60,7801,,15,1,1,52,112709,73.5,8369.0,117,24.28,2.05,0.29,-8.25,0,0,0,1,0,10403.3,58600.198,109334.6,0,0
5046,42816,12,3568,,15,1,0,62,226122,62.6,8994.0,110,41.74,4.3,0.26,-4.79,0,0,0,1,0,5713.9,16427.744594594595,30334.9,0,0
5051,230400,60,3840,,14,0,0,38,228848,57.2,9893.0,96,25.14,4.4,0.15,4.68,0,0,0,1,0,40904.2,82530.84577464788,145352.1,0,0
5061,84288,48,1756,,14,0,1,42,45714,55.6,8843.0,113,18.66,3.21,0.28,8.61,0,0,0,1,0,5614.0,25700.15064935065,50218.4,0,0
5063,357840,48,7455,,3,0,1,58,387570,100.0,9897.0,140,48.27,1.78,0.22,-0.12,0,0,0,1,0,600.0,5350.0,10100.0,0,1
5072,196800,24,8200,,6,0,1,39,112065,69.4,11277.0,127,45.36,1.34,0.15,-3.7,0,0,0,1,0,300.0,58669.50434782608,113888.0,0,0
5086,210384,48,4383,,16,0,1,43,285387,89.9,10177.0,81,35.02,7.19,0.17,2.34,0,0,0,1,0,24348.2,49583.74230769231,121135.2,0,0
5103,12540,12,1045,,20,1,1,59,67298,43.8,8561.0,110,16.02,0.97,0.98,9.55,1,0,0,0,1,18592.5,43868.490654205605,57559.4,0,0
5110,102240,60,1704,,20,1,1,54,109164,63.6,8757.0,96,21.45,3.66,0.17,11.75,0,0,0,1,0,19474.9,32296.063529411764,40619.9,0,0
5117,76944,12,6412,,17,0,1,43,1204953,100.0,12541.0,167,76.68,0.36,0.48,15.68,0,0,0,1,0,4301.0,41184.447474747474,105970.4,0,0
5124,156096,36,4336,,6,0,0,47,103347,67.0,9104.0,123,22.52,1.79,0.37,2.38,0,0,0,1,0,700.0,51641.833333333336,93801.3,0,0
5134,53076,12,4423,,11,0,0,51,51428,52.7,8402.0,120,20.4,3.56,0.27,9.98,0,0,0,1,0,500.0,33129.403076923074,65121.6,0,0
5140,178500,60,2975,,10,0,1,28,182027,56.4,8746.0,90,24.14,3.54,0.12,1.76,0,0,0,1,0,1000.0,21491.790625,39315.6,0,0
5147,22260,60,371,,5,0,1,59,285387,89.9,10177.0,81,35.02,7.19,0.17,2.34,0,0,0,1,0,700.0,23066.61333333333,31277.6,0,1
5154,108720,60,1812,,19,0,1,33,77963,51.5,8546.0,126,36.94,3.48,0.36,18.19,0,0,0,1,0,28894.9,54830.57333333334,112610.8,0,1
5158,188532,36,5237,,21,0,1,24,285387,89.9,10177.0,81,35.02,7.19,0.17,2.34,0,0,0,1,0,22144.8,60542.71827956989,139923.7,0,1
5169,253200,60,4220,,19,0,0,63,139012,61.9,8363.0,108,19.28,3.0,0.38,9.16,0,0,0,1,0,9305.2,31230.717171717173,75315.8,0,0
5172,50976,36,1416,,16,0,0,20,77917,53.5,8390.0,132,26.96,2.58,0.27,1.99,0,0,0,1,0,12229.1,27027.535849056603,48735.9,0,0
5174,385104,48,8023,,17,0,1,43,387570,100.0,9897.0,140,48.27,1.78,0.22,-0.12,0,0,0,1,0,13583.2,43561.52976190476,96515.6,0,0
5206,128544,24,5356,,9,0,1,48,323870,100.0,10673.0,100,57.32,5.1,0.15,-2.31,0,0,0,1,0,200.0,40526.455,131453.2,0,0
5207,35904,48,748,,9,0,0,53,228848,57.2,9893.0,96,25.14,4.4,0.15,4.68,0,0,0,1,0,900.0,22981.05593220339,34278.5,0,0
5210,148140,36,4115,,20,0,1,37,53921,41.3,8598.0,123,32.2,3.01,0.18,17.39,0,0,0,1,0,23095.1,41635.5697368421,76914.2,0,0
5214,74772,36,2077,,12,0,0,39,157042,33.9,8743.0,111,24.05,2.16,0.29,6.44,0,0,0,1,0,12002.6,25396.83235294118,45989.0,0,0
5221,52512,12,4376,,17,0,0,55,157042,33.9,8743.0,111,24.05,2.16,0.29,6.44,0,0,0,1,0,31605.7,62484.64810126583,120419.7,0,1
5226,185544,36,5154,,9,0,0,60,124605,46.0,8772.0,126,24.12,4.84,0.06,10.66,0,0,0,1,0,200.0,27729.917142857143,70887.8,0,0
5229,23520,12,1960,,11,1,0,58,107911,50.9,8240.0,99,17.38,3.04,0.41,2.86,0,0,0,1,0,500.0,25967.49523809524,44667.0,0,0
5236,389136,48,8107,,11,0,0,32,107911,50.9,8240.0,99,17.38,3.04,0.41,2.86,0,0,0,1,0,700.0,59749.88387096774,126403.5,0,0
5241,125472,24,5228,,13,0,0,59,125236,87.7,9675.0,100,41.97,7.06,0.19,-2.49,0,0,0,1,0,11897.6,50487.73888888889,117375.0,0,0
5245,125472,24,5228,,9,1,1,53,51428,52.7,8402.0,120,20.4,3.56,0.27,9.98,0,0,0,1,0,800.0,71376.04415584415,143696.8,0,0
5253,100080,48,2085,,3,0,1,34,114200,43.7,8403.0,105,21.34,5.73,-0.0,25.99,0,0,0,1,0,300.0,22604.34,38628.6,0,0
5260,123300,36,3425,,18,0,1,54,118650,85.6,9832.0,114,50.22,3.9,0.35,-15.11,1,0,0,0,1,22054.0,58964.76875,132024.9,0,1
5265,165780,60,2763,,20,0,0,48,145688,40.7,8544.0,109,19.3,1.58,0.44,6.91,0,0,0,1,0,413.3,46144.31931818182,116112.4,2,1
5270,191088,48,3981,,13,0,0,37,102609,52.0,8187.0,94,20.74,5.14,0.13,0.53,0,0,0,1,0,12325.4,33244.561643835616,57550.1,0,1
5281,194256,24,8094,,22,0,0,31,42821,48.4,8173.0,124,31.71,7.01,0.0,0.0,0,0,0,1,0,12084.9,46594.96527777778,114709.0,0,1
5287,64224,24,2676,,14,1,0,62,77963,51.5,8546.0,126,36.94,3.48,0.36,18.19,0,0,0,1,0,20601.7,45513.73421052632,85007.3,0,0
5293,189792,48,3954,,21,0,0,59,162580,72.8,9538.0,111,35.34,1.66,0.2,-10.99,0,0,0,1,0,8538.6,33256.060975609755,59313.2,0,0
5304,172272,24,7178,,11,0,0,56,161227,69.7,8678.0,102,29.7,5.75,-0.06,-7.74,0,0,0,1,0,300.0,61146.52363636364,126478.3,0,0
5313,43200,24,1800,,10,0,1,50,159617,85.2,9198.0,131,37.36,3.8,0.29,5.81,0,0,0,1,0,400.0,36159.70555555556,62263.4,0,0
5318,385584,48,8033,,16,1,0,25,72541,36.9,8594.0,112,21.4,1.82,0.24,-3.49,0,0,0,1,0,18109.0,73351.21971830985,118267.7,0,1
5320,143676,36,3991,,14,0,0,47,157042,33.9,8743.0,111,24.05,2.16,0.29,6.44,0,0,0,1,0,5537.8,25915.034375,52316.6,0,0
5332,37944,36,1054,,19,0,1,33,1204953,100.0,12541.0,167,76.68,0.36,0.48,15.68,1,0,0,0,1,33005.8,70136.28088235293,100074.6,0,1
5334,209040,24,8710,,11,0,0,20,1204953,100.0,12541.0,167,76.68,0.36,0.48,15.68,0,0,0,1,0,900.0,44982.42272727273,74276.7,0,0
5338,57360,12,4780,,10,0,0,42,77963,51.5,8546.0,126,36.94,3.48,0.36,18.19,0,0,0,1,0,-5851.2,36887.156,78725.3,1,0
5343,44952,24,1873,,14,0,0,29,1204953,100.0,12541.0,167,76.68,0.36,0.48,15.68,0,0,0,1,0,13327.8,51573.67654320988,127317.0,0,0
5346,55632,24,2318,,21,0,0,51,285387,89.9,10177.0,81,35.02,7.19,0.17,2.34,0,0,0,1,0,1485.0,28059.94459459459,51438.2,0,0
5354,290820,60,4847,,11,0,0,62,95616,51.4,9307.0,118,29.58,4.14,0.15,16.19,0,0,0,1,0,900.0,44617.08095238096,62178.2,0,0
5358,38520,12,3210,,19,0,0,60,95907,59.1,8388.0,87,17.34,2.68,0.22,0.58,0,0,0,1,0,13342.4,20289.814285714285,27674.0,0,0
5360,176328,36,4898,,20,1,0,56,107911,50.9,8240.0,99,17.38,3.04,0.41,2.86,0,0,0,1,0,22693.9,51786.84396551725,87431.8,0,0
5363,293880,60,4898,,17,0,1,24,197099,74.7,9624.0,145,22.2,1.96,0.44,-4.88,0,0,0,1,0,-2804.8,55335.351898734174,132818.3,1,1
5365,271260,60,4521,,15,0,0,28,114006,62.3,9065.0,123,36.46,4.92,0.21,0.44,0,0,0,1,0,2229.7,13887.3453125,36339.1,0,0
5367,83628,36,2323,,7,0,1,22,387570,100.0,9897.0,140,48.27,1.78,0.22,-0.12,0,0,0,1,0,500.0,29052.60882352941,51781.0,0,0
5368,44640,24,1860,,13,0,0,42,108871,62.1,8444.0,106,22.51,3.36,0.07,-11.2,0,0,0,1,0,10637.8,42967.19193548387,65663.5,0,1
5369,214596,36,5961,,4,1,0,62,323870,100.0,10673.0,100,57.32,5.1,0.15,-2.31,0,0,0,1,0,400.0,62852.91764705883,112408.8,0,0
5377,92400,12,7700,,15,0,1,25,285387,89.9,10177.0,81,35.02,7.19,0.17,2.34,1,0,0,0,1,13962.5,43272.825531914896,131664.2,0,0
5382,22932,36,637,,7,0,1,46,139012,61.9,8363.0,108,19.28,3.0,0.38,9.16,0,0,0,1,0,300.0,42536.88536585366,56308.4,0,0
5384,23328,12,1944,,6,1,1,35,95907,59.1,8388.0,87,17.34,2.68,0.22,0.58,0,0,0,1,0,1000.0,40311.63703703704,68151.2,0,0
5389,78600,24,3275,,4,0,0,43,121947,70.5,8541.0,131,30.08,2.74,0.18,9.8,0,0,0,1,0,800.0,42902.40714285714,67058.7,0,0
5398,53472,12,4456,,20,1,0,59,81344,55.3,8899.0,149,33.64,3.68,0.17,-16.75,0,0,0,1,0,25414.2,63247.72278481013,113902.6,0,1
5419,415800,60,6930,,9,0,1,50,1204953,100.0,12541.0,167,76.68,0.36,0.48,15.68,0,0,0,1,0,700.0,44265.272972972976,140706.0,0,1
5420,72504,24,3021,,10,0,1,49,122603,80.0,8991.0,128,42.7,1.7,0.45,1.44,0,0,0,1,0,600.0,45374.64242424242,145620.3,0,0
5428,230220,36,6395,,22,0,0,49,53921,41.3,8598.0,123,32.2,3.01,0.18,17.39,1,0,0,0,1,21637.8,72827.04455445544,141146.2,0,1
5435,314688,48,6556,,19,0,0,25,88884,46.7,8507.0,132,27.18,1.76,0.11,23.84,1,0,0,0,1,22167.8,55238.23055555556,98346.6,0,0
5446,48312,24,2013,,16,0,0,41,102609,52.0,8187.0,94,20.74,5.14,0.13,0.53,0,0,0,1,0,12526.1,31862.645569620254,53030.3,0,0
5447,541200,60,9020,,19,0,1,53,285387,89.9,10177.0,81,35.02,7.19,0.17,2.34,0,0,0,1,0,-17030.4,5424.592741935484,30596.1,10,0
5451,159744,48,3328,,9,0,1,26,70699,65.3,8968.0,131,25.82,3.09,0.18,9.79,0,0,0,1,0,600.0,56388.81071428571,105953.6,0,0
5463,17952,12,1496,,11,0,1,45,133777,84.7,8705.0,116,35.54,6.68,0.32,4.49,0,0,0,1,0,500.0,28597.88620689655,46705.2,0,0
5469,293160,60,4886,,17,0,1,21,139012,61.9,8363.0,108,19.28,3.0,0.38,9.16,0,0,0,1,0,11824.1,40766.01940298508,94016.8,0,1
5486,466608,48,9721,,19,0,1,53,77963,51.5,8546.0,126,36.94,3.48,0.36,18.19,0,0,0,1,0,9070.2,35731.84342105263,66125.9,0,1
5491,428784,48,8933,,14,1,0,63,1204953,100.0,12541.0,167,76.68,0.36,0.48,15.68,0,0,0,1,0,1702.6,22021.283333333333,47281.2,0,0
5501,136344,24,5681,,21,1,1,35,1204953,100.0,12541.0,167,76.68,0.36,0.48,15.68,0,0,0,1,0,13195.6,35478.39634146341,57858.4,0,0
5520,231168,48,4816,,20,0,1,21,182027,56.4,8746.0,90,24.14,3.54,0.12,1.76,0,0,1,0,1,16906.3,52095.82959183673,117135.6,0,0
5525,93888,36,2608,,10,1,0,63,88884,46.7,8507.0,132,27.18,1.76,0.11,23.84,0,0,0,1,0,200.0,69554.2923076923,144694.2,0,0
5526,69624,36,1934,,19,0,0,52,139012,61.9,8363.0,108,19.28,3.0,0.38,9.16,1,0,0,0,1,25890.4,50071.97169811321,74473.4,0,0
5527,156420,60,2607,,11,0,0,42,139012,61.9,8363.0,108,19.28,3.0,0.38,9.16,0,0,0,1,0,400.0,49909.15555555555,94694.7,0,0
5531,66432,24,2768,,19,1,1,28,170449,100.0,10787.0,131,36.08,2.86,0.17,3.64,0,0,0,1,0,17025.7,30230.332876712328,59526.9,0,0
5532,335280,48,6985,,15,0,1,47,161954,48.0,8720.0,116,22.78,4.12,0.21,-2.13,0,0,0,1,0,15111.6,43096.3275862069,123335.2,0,0
5556,268320,60,4472,,8,0,1,47,1204953,100.0,12541.0,167,76.68,0.36,0.48,15.68,0,0,0,1,0,200.0,24411.294230769232,49189.6,0,0
5561,437460,60,7291,,10,0,1,46,228848,57.2,9893.0,96,25.14,4.4,0.15,4.68,0,0,0,1,0,900.0,48935.43584905661,101929.2,0,0
5569,504000,60,8400,,22,0,0,28,75232,41.7,8980.0,111,37.47,2.08,0.13,-0.4,0,0,0,1,0,5286.2,22303.878947368423,39172.5,0,0
5582,41256,12,3438,,22,1,0,61,51428,52.7,8402.0,120,20.4,3.56,0.27,9.98,0,1,0,0,1,26418.7,60628.86953125,124519.7,0,0
5584,24792,24,1033,,20,0,0,41,86513,50.5,8288.0,110,17.47,4.15,0.19,-6.53,0,0,0,1,0,24962.3,48075.94842105263,72489.8,0,0
5585,88608,12,7384,,21,1,0,52,125832,48.3,8512.0,102,17.28,3.82,0.17,-6.44,0,0,0,1,0,9912.7,42971.239130434784,129684.3,0,1
5589,390000,48,8125,,17,0,0,52,95907,59.1,8388.0,87,17.34,2.68,0.22,0.58,0,0,0,1,0,13300.0,53861.65,120714.8,0,0
5614,253560,60,4226,,21,0,1,48,119895,89.9,10446.0,90,40.41,8.37,0.28,-4.12,0,0,0,1,0,18952.0,39207.36268656716,72756.1,0,0
5616,130896,24,5454,,19,1,1,45,85852,59.8,8965.0,104,31.88,7.66,0.16,6.38,0,0,0,1,0,16434.6,33757.77380952381,49093.0,0,0
5620,30012,12,2501,,21,0,0,46,78955,59.0,9060.0,124,21.36,2.11,0.37,3.77,0,0,0,1,0,4089.9,50273.55921052631,104072.5,0,1
5634,39024,12,3252,,17,0,0,63,197099,74.7,9624.0,145,22.2,1.96,0.44,-4.88,0,0,0,1,0,16703.5,53519.5137254902,119425.0,0,0
5638,68124,12,5677,,10,0,0,42,323870,100.0,10673.0,100,57.32,5.1,0.15,-2.31,0,0,0,1,0,1100.0,28809.0,63669.3,0,0
5643,94512,12,7876,,21,0,0,47,323870,100.0,10673.0,100,57.32,5.1,0.15,-2.31,0,0,0,1,0,5253.3,44645.87209302326,113023.1,0,0
5644,276084,36,7669,,15,0,1,35,1204953,100.0,12541.0,167,76.68,0.36,0.48,15.68,1,0,0,0,1,10041.0,57806.721538461534,132186.8,0,0
5651,19248,12,1604,,14,1,0,35,75232,41.7,8980.0,111,37.47,2.08,0.13,-0.4,0,0,0,1,0,22291.6,36898.69545454545,60870.3,0,0
5656,146064,24,6086,,5,0,1,46,323870,100.0,10673.0,100,57.32,5.1,0.15,-2.31,0,0,0,1,0,200.0,44355.04090909091,90387.4,0,0
5665,40632,12,3386,,14,0,1,54,107870,58.0,8754.0,137,35.56,4.07,0.13,1.7,0,0,0,1,0,30622.1,49761.91181818182,75484.9,0,0
5669,71820,36,1995,,13,0,0,35,86513,50.5,8288.0,110,17.47,4.15,0.19,-6.53,0,0,0,1,0,19754.2,55285.05135135135,119933.3,0,1
5674,207264,48,4318,,9,1,0,37,95907,59.1,8388.0,87,17.34,2.68,0.22,0.58,0,0,0,1,0,400.0,61345.1,123573.3,0,1
5681,68664,24,2861,,16,1,1,19,109164,63.6,8757.0,96,21.45,3.66,0.17,11.75,0,0,0,1,0,18833.4,36239.64833333333,68589.3,0,1
5682,67464,12,5622,,11,0,0,64,125236,87.7,9675.0,100,41.97,7.06,0.19,-2.49,0,0,0,1,0,600.0,46016.19824561403,92407.6,0,0
5683,140688,48,2931,,13,1,0,58,93931,56.9,8427.0,107,20.16,1.33,0.37,2.11,0,0,0,1,0,20576.4,59119.325316455695,144580.4,0,1
5698,174840,60,2914,,12,0,1,48,109164,63.6,8757.0,96,21.45,3.66,0.17,11.75,0,0,0,1,0,19578.2,35410.25647058823,64669.5,0,0
5699,174960,24,7290,,22,0,1,22,102609,52.0,8187.0,94,20.74,5.14,0.13,0.53,0,0,0,1,0,20110.2,51637.63684210526,121530.6,0,1
5718,14028,12,1169,,22,0,1,54,107911,50.9,8240.0,99,17.38,3.04,0.41,2.86,0,0,0,1,0,39968.6,55609.53469387756,75383.2,0,0
5719,271584,48,5658,,17,0,0,23,1204953,100.0,12541.0,167,76.68,0.36,0.48,15.68,0,0,0,1,0,20584.5,65510.82207792207,115112.9,0,1
5731,460980,60,7683,,6,0,1,35,75232,41.7,8980.0,111,37.47,2.08,0.13,-0.4,0,0,0,1,0,400.0,45410.15,103750.1,0,1
5758,307200,60,5120,,12,0,0,37,107911,50.9,8240.0,99,17.38,3.04,0.41,2.86,0,0,0,1,0,512.5,45145.03134328358,142668.1,0,1
5760,74916,36,2081,,22,0,0,57,1204953,100.0,12541.0,167,76.68,0.36,0.48,15.68,0,0,0,1,0,9850.0,54724.1076923077,143676.5,0,0
5765,153936,24,6414,,3,0,0,50,105606,53.0,8254.0,97,21.26,3.28,0.35,7.36,0,0,0,1,0,1100.0,58031.62727272727,100675.4,0,0
5772,334620,60,5577,,8,1,1,38,139012,61.9,8363.0,108,19.28,3.0,0.38,9.16,0,0,0,1,0,1100.0,64863.95428571428,92028.2,0,0
5773,133848,24,5577,,23,0,1,39,114006,62.3,9065.0,123,36.46,4.92,0.21,0.44,0,0,0,1,0,810.1,19796.38085106383,61558.2,0,1
5774,96984,36,2694,,9,0,0,27,112065,69.4,11277.0,127,45.36,1.34,0.15,-3.7,0,0,0,1,0,800.0,21298.78,50063.3,0,0
5779,107352,36,2982,,17,0,1,60,67298,43.8,8561.0,110,16.02,0.97,0.98,9.55,0,0,0,1,0,20938.0,63992.819444444445,151251.4,0,0
5782,63576,12,5298,,6,0,1,39,1204953,100.0,12541.0,167,76.68,0.36,0.48,15.68,0,0,0,1,0,500.0,59128.5875,109399.2,0,0
5784,84600,36,2350,,6,0,0,61,387570,100.0,9897.0,140,48.27,1.78,0.22,-0.12,0,0,0,1,0,900.0,41766.69375,105258.8,0,1
5790,84288,48,1756,,4,0,1,22,161954,48.0,8720.0,116,22.78,4.12,0.21,-2.13,0,0,0,1,0,1000.0,29824.125,48781.6,0,1
5799,106128,36,2948,,11,0,0,21,159617,85.2,9198.0,131,37.36,3.8,0.29,5.81,0,0,0,1,0,900.0,36071.94230769231,76251.4,0,0
5808,41856,48,872,,14,0,1,39,387570,100.0,9897.0,140,48.27,1.78,0.22,-0.12,0,0,0,1,0,24218.8,39373.66875,56921.0,0,0
5815,151200,36,4200,,8,0,0,53,77963,51.5,8546.0,126,36.94,3.48,0.36,18.19,0,0,0,1,0,1000.0,66345.6825,110723.2,0,0
5817,100800,24,4200,,15,0,0,61,102609,52.0,8187.0,94,20.74,5.14,0.13,0.53,0,0,0,1,0,-1571.5,27743.088333333333,92354.7,3,0
5823,212976,36,5916,,22,1,1,26,1204953,100.0,12541.0,167,76.68,0.36,0.48,15.68,0,0,0,1,0,12252.7,42755.276190476194,107756.1,0,0
5830,405780,60,6763,,23,0,0,48,145688,40.7,8544.0,109,19.3,1.58,0.44,6.91,0,0,0,1,0,14355.9,34857.85283018868,51008.0,0,0
5841,41988,12,3499,,20,1,0,26,148545,53.5,8909.0,113,23.73,4.78,0.39,3.78,0,0,0,1,0,10775.5,39722.47386363637,57965.7,0,0
5850,164196,36,4561,,15,0,1,43,197099,74.7,9624.0,145,22.2,1.96,0.44,-4.88,0,0,0,1,0,13583.9,52897.23555555556,119068.0,0,0
5856,51360,12,4280,,12,0,1,54,117897,53.8,8814.0,107,17.69,5.25,0.21,-2.51,0,0,0,1,0,-2542.1,54421.34047619048,158633.6,2,1
5862,100128,24,4172,,19,0,1,51,323870,100.0,10673.0,100,57.32,5.1,0.15,-2.31,0,0,0,1,0,21842.9,60001.13888888889,120586.5,0,0
5865,327660,60,5461,,22,0,1,57,85852,59.8,8965.0,104,31.88,7.66,0.16,6.38,0,0,0,1,0,5404.0,40911.736,92152.9,0,0
5868,90156,12,7513,,12,1,1,53,42821,48.4,8173.0,124,31.71,7.01,0.0,0.0,0,0,0,1,0,35986.7,79786.61129032259,130981.4,0,0
5878,74040,12,6170,,21,0,1,43,182027,56.4,8746.0,90,24.14,3.54,0.12,1.76,0,0,0,1,0,18401.7,45519.91416666667,73209.0,0,0
5889,321240,60,5354,,17,0,0,29,177686,74.8,10045.0,135,36.3,1.56,0.2,-4.68,0,0,0,1,0,21999.0,83762.19099999999,141990.0,0,1
5893,86184,36,2394,,15,0,0,31,74062,61.4,8114.0,119,14.74,2.5,0.1,17.8,0,0,0,1,0,11288.3,28142.14861111111,48830.7,0,0
5895,93960,60,1566,,15,0,0,37,77917,53.5,8390.0,132,26.96,2.58,0.27,1.99,0,0,0,1,0,35018.4,56334.68000000001,88246.7,0,0
5906,81144,36,2254,,9,0,1,55,228848,57.2,9893.0,96,25.14,4.4,0.15,4.68,0,0,0,1,0,200.0,67815.17450980392,127543.0,0,0
5909,61320,60,1022,,11,0,1,52,124605,46.0,8772.0,126,24.12,4.84,0.06,10.66,0,0,0,1,0,700.0,23137.19054054054,32515.7,0,0
5930,66696,24,2779,,3,0,0,24,1204953,100.0,12541.0,167,76.68,0.36,0.48,15.68,0,0,0,1,0,1000.0,58360.68125,89595.1,0,0
5931,66696,24,2779,,7,0,1,33,75232,41.7,8980.0,111,37.47,2.08,0.13,-0.4,0,0,0,1,0,1100.0,51945.21627906976,115744.9,0,1
5932,33348,12,2779,,12,0,1,29,81344,55.3,8899.0,149,33.64,3.68,0.17,-16.75,0,0,0,1,0,10690.0,46534.64838709678,102499.5,0,1
5933,87528,24,3647,,12,1,0,48,148545,53.5,8909.0,113,23.73,4.78,0.39,3.78,0,0,0,1,0,22682.0,43477.6625,74816.0,0,0
5940,106944,24,4456,,4,0,1,46,86513,50.5,8288.0,110,17.47,4.15,0.19,-6.53,0,0,0,1,0,800.0,57324.07222222223,83932.6,0,0
5942,162624,48,3388,,19,0,1,42,285387,89.9,10177.0,81,35.02,7.19,0.17,2.34,0,0,0,1,0,16399.9,35817.83296703297,57863.4,0,0
5953,97176,24,4049,,4,0,1,44,112065,69.4,11277.0,127,45.36,1.34,0.15,-3.7,0,0,0,1,0,400.0,66376.85,106189.2,0,0
5956,168264,36,4674,,6,0,0,49,182027,56.4,8746.0,90,24.14,3.54,0.12,1.76,0,0,0,1,0,700.0,40044.576,70585.8,0,0
5963,204780,60,3413,,6,0,0,46,387570,100.0,9897.0,140,48.27,1.78,0.22,-0.12,0,0,0,1,0,200.0,48890.17826086957,129449.6,0,1
5973,219456,48,4572,,3,1,1,39,112709,73.5,8369.0,117,24.28,2.05,0.29,-8.25,0,0,0,1,0,400.0,44366.05454545454,77123.8,0,0
5976,465504,48,9698,,12,0,0,37,226122,62.6,8994.0,110,41.74,4.3,0.26,-4.79,0,0,0,1,0,7186.4,26644.14941176471,49947.4,0,0
5977,59136,48,1232,,8,0,1,20,170449,100.0,10787.0,131,36.08,2.86,0.17,3.64,0,0,0,1,0,6620.0,23023.65909090909,32572.8,0,1
5991,335184,48,6983,,13,0,1,21,106054,63.1,8110.0,109,29.81,6.16,0.14,-5.1,0,0,0,1,0,-6652.7,39284.69036144578,100570.6,2,0
5992,76080,12,6340,,12,0,1,20,95616,51.4,9307.0,118,29.58,4.14,0.15,16.19,0,0,1,0,1,19843.0,51250.11875,103809.7,0,0
6007,289920,48,6040,,10,0,1,55,133777,84.7,8705.0,116,35.54,6.68,0.32,4.49,0,0,0,1,0,400.0,58959.27777777778,118790.4,0,0
6010,150180,60,2503,,6,0,0,62,110643,51.9,8441.0,115,18.66,3.97,0.3,19.85,0,0,0,1,0,200.0,50892.0,92464.9,0,0
6014,165168,36,4588,,15,1,1,41,1204953,100.0,12541.0,167,76.68,0.36,0.48,15.68,0,0,0,1,0,2206.7,35437.92272727273,87236.0,0,0
6028,317520,60,5292,,10,0,1,31,77963,51.5,8546.0,126,36.94,3.48,0.36,18.19,0,0,0,1,0,1100.0,56757.3095890411,82886.2,0,0
6037,53232,48,1109,,21,0,0,35,226122,62.6,8994.0,110,41.74,4.3,0.26,-4.79,0,0,0,1,0,15939.6,33897.68202247191,49865.1,0,0
6044,57060,12,4755,,13,0,0,56,228848,57.2,9893.0,96,25.14,4.4,0.15,4.68,0,0,0,1,0,11939.8,47181.7625,103606.4,0,0
6052,22356,36,621,,10,0,0,59,95616,51.4,9307.0,118,29.58,4.14,0.15,16.19,0,0,0,1,0,6392.0,25150.975925925926,37212.7,0,0
6054,58764,12,4897,,16,1,1,54,387570,100.0,9897.0,140,48.27,1.78,0.22,-0.12,0,0,0,1,0,12532.5,34014.78076923077,71290.0,0,1
6055,399120,60,6652,,15,0,1,57,138032,64.6,8819.0,99,31.04,5.52,0.05,10.87,0,0,0,1,0,16207.8,44568.19107142858,85656.2,0,1
6059,79824,12,6652,,6,0,0,43,53921,41.3,8598.0,123,32.2,3.01,0.18,17.39,0,0,0,1,0,300.0,49309.00967741936,121592.6,0,0
6075,129312,24,5388,,22,0,1,26,149893,67.4,9753.0,109,37.14,4.84,0.09,12.38,0,0,0,1,0,-8657.3,27652.86527777778,112463.7,2,1
6076,117420,60,1957,,7,0,0,33,75685,60.8,8208.0,155,24.99,2.07,0.2,27.91,0,0,0,1,0,500.0,40841.795348837215,68584.8,0,0
6078,170832,48,3559,,11,0,0,29,58796,51.9,9045.0,124,31.67,3.36,0.15,1.85,0,0,0,1,0,700.0,65037.92923076924,121425.0,0,0
6083,240528,48,5011,,18,0,0,43,162580,72.8,9538.0,111,35.34,1.66,0.2,-10.99,0,0,0,1,0,5274.1,37966.611764705885,85631.8,0,0
6088,90180,36,2505,,4,0,0,39,72541,36.9,8594.0,112,21.4,1.82,0.24,-3.49,0,0,0,1,0,200.0,31516.346153846152,51813.7,0,0
6095,68340,60,1139,,20,0,0,46,149893,67.4,9753.0,109,37.14,4.84,0.09,12.38,0,0,0,1,0,16416.5,40101.71772151899,70691.8,0,0
6097,202848,48,4226,,11,1,1,59,127369,51.2,8369.0,107,25.68,5.3,0.24,-24.86,0,0,0,1,0,800.0,37200.39594594594,82957.9,0,0
6104,158184,36,4394,,16,0,0,46,162580,72.8,9538.0,111,35.34,1.66,0.2,-10.99,0,0,0,1,0,17944.2,43136.536231884056,98713.6,0,1
6113,78696,36,2186,,7,0,1,28,226122,62.6,8994.0,110,41.74,4.3,0.26,-4.79,0,0,0,1,0,1000.0,40292.34146341463,56765.7,0,0
6118,349392,48,7279,,21,0,0,45,161954,48.0,8720.0,116,22.78,4.12,0.21,-2.13,1,0,0,0,1,18973.9,58597.93406593407,142574.7,0,0
6136,140880,60,2348,,8,0,0,42,58796,51.9,9045.0,124,31.67,3.36,0.15,1.85,0,0,0,1,0,800.0,45160.51162790698,122247.8,0,0
6142,221880,60,3698,,10,1,1,56,81344,55.3,8899.0,149,33.64,3.68,0.17,-16.75,0,0,0,1,0,1000.0,44440.912676056345,74216.8,0,0
6147,177504,48,3698,,17,0,0,55,51428,52.7,8402.0,120,20.4,3.56,0.27,9.98,0,0,0,1,0,14855.3,19863.508510638298,25727.6,0,1
6168,99216,36,2756,,14,1,1,48,1204953,100.0,12541.0,167,76.68,0.36,0.48,15.68,0,0,0,1,0,20258.5,58842.036250000005,124071.7,0,0
6173,232560,48,4845,,21,0,1,60,177686,74.8,10045.0,135,36.3,1.56,0.2,-4.68,0,0,0,1,0,8393.8,39243.5675,75040.9,0,0
6196,177804,36,4939,,14,0,1,28,95616,51.4,9307.0,118,29.58,4.14,0.15,16.19,0,0,0,1,0,17373.5,54573.29058823529,140728.2,0,1
6207,184620,60,3077,,20,0,1,36,77917,53.5,8390.0,132,26.96,2.58,0.27,1.99,0,0,0,1,0,19053.2,33774.47662337663,52423.4,0,0
6215,78720,48,1640,,12,0,1,55,67298,43.8,8561.0,110,16.02,0.97,0.98,9.55,0,0,0,1,0,26203.4,46757.813043478265,66220.2,0,0
6234,5148,12,429,,14,0,1,36,1204953,100.0,12541.0,167,76.68,0.36,0.48,15.68,0,0,0,1,0,16307.0,44906.98904109589,66177.3,0,0
6235,321360,60,5356,,19,0,0,24,122603,80.0,8991.0,128,42.7,1.7,0.45,1.44,0,0,0,1,0,17799.6,51639.92959183673,116394.1,0,0
6237,407952,48,8499,,15,0,1,25,51428,52.7,8402.0,120,20.4,3.56,0.27,9.98,0,0,0,1,0,-1449.6,14099.055223880596,28893.9,0,1
6239,360864,48,7518,,12,0,1,22,77963,51.5,8546.0,126,36.94,3.48,0.36,18.19,0,0,0,1,0,3223.7,53487.55882352941,135384.0,0,1
6242,26208,36,728,,4,0,1,26,45714,55.6,8843.0,113,18.66,3.21,0.28,8.61,0,0,0,1,0,1000.0,27419.85,43947.8,0,1
6249,67608,24,2817,,6,1,1,36,387570,100.0,9897.0,140,48.27,1.78,0.22,-0.12,0,0,0,1,0,200.0,30181.31739130435,54658.1,0,0
6254,247920,48,5165,,13,0,1,57,125236,87.7,9675.0,100,41.97,7.06,0.19,-2.49,1,0,0,0,1,13348.2,56402.964556962026,110892.1,0,0
6255,247920,48,5165,,9,0,1,42,106054,63.1,8110.0,109,29.81,6.16,0.14,-5.1,0,0,0,1,0,200.0,23594.146666666667,31595.5,0,1
6278,87360,24,3640,,7,0,0,62,95616,51.4,9307.0,118,29.58,4.14,0.15,16.19,0,0,0,1,0,200.0,69963.48405797101,134714.0,0,0
6310,34572,12,2881,,7,0,1,23,1204953,100.0,12541.0,167,76.68,0.36,0.48,15.68,0,0,0,1,0,1100.0,60619.16,121367.5,0,1
6312,10944,36,304,,21,0,0,48,125236,87.7,9675.0,100,41.97,7.06,0.19,-2.49,0,0,0,1,0,15629.2,23640.303921568626,32150.2,0,0
6313,150912,36,4192,,11,1,1,24,102609,52.0,8187.0,94,20.74,5.14,0.13,0.53,0,0,0,1,0,700.0,52250.26119402985,111219.3,0,1
6320,104964,12,8747,,21,0,0,33,77963,51.5,8546.0,126,36.94,3.48,0.36,18.19,0,0,0,1,0,31170.4,42981.313157894736,65235.5,0,0
6321,38496,12,3208,,13,0,1,35,94725,63.4,9920.0,130,48.22,2.56,0.27,12.99,1,0,0,0,1,16196.8,44979.409375,92238.0,0,1
6322,76992,24,3208,,4,0,0,34,323870,100.0,10673.0,100,57.32,5.1,0.15,-2.31,0,0,0,1,0,900.0,61992.3,112175.5,0,1
6338,390660,60,6511,,10,0,1,21,1204953,100.0,12541.0,167,76.68,0.36,0.48,15.68,0,0,0,1,0,300.0,63544.64567901234,164909.5,0,0
6346,100260,60,1671,,22,0,0,32,1204953,100.0,12541.0,167,76.68,0.36,0.48,15.68,0,0,0,1,0,2491.6,43504.96590909091,106481.5,0,1
6350,294384,48,6133,,18,0,1,33,387570,100.0,9897.0,140,48.27,1.78,0.22,-0.12,0,0,0,1,0,17802.0,64312.26734693878,135487.1,0,1
6353,116496,24,4854,,22,0,0,41,117897,53.8,8814.0,107,17.69,5.25,0.21,-2.51,0,0,0,1,0,10490.7,41560.58472222222,70972.5,0,0
6355,127200,48,2650,,15,0,0,34,88768,80.5,8867.0,130,39.45,1.12,0.19,6.98,0,0,0,1,0,13057.1,29112.94534883721,52868.8,0,0
6357,64860,60,1081,,18,0,1,20,85852,59.8,8965.0,104,31.88,7.66,0.16,6.38,0,0,0,1,0,36089.5,45985.89898989899,63677.9,0,0
6377,17184,12,1432,,10,0,1,55,1204953,100.0,12541.0,167,76.68,0.36,0.48,15.68,0,0,0,1,0,400.0,29906.531428571427,44504.8,0,0
6386,124344,36,3454,,20,0,1,20,161854,76.3,9425.0,125,24.64,2.11,0.45,-4.75,0,0,0,1,0,1637.7,21582.466666666667,66449.9,0,0
6399,49320,36,1370,,14,0,0,33,110643,51.9,8441.0,115,18.66,3.97,0.3,19.85,0,0,0,1,0,26345.0,37418.30533333333,49729.2,0,0
6402,139488,24,5812,,19,0,0,30,75232,41.7,8980.0,111,37.47,2.08,0.13,-0.4,0,0,0,1,0,3054.8,43431.16710526316,92954.8,0,0
6415,475680,48,9910,,4,1,1,33,159617,85.2,9198.0,131,37.36,3.8,0.29,5.81,0,0,0,1,0,700.0,40812.49166666667,70405.3,0,1
6435,288720,48,6015,,5,0,0,56,121947,70.5,8541.0,131,30.08,2.74,0.18,9.8,0,0,0,1,0,400.0,54677.28095238095,102188.4,0,0
6436,495180,60,8253,,7,0,1,20,42821,48.4,8173.0,124,31.71,7.01,0.0,0.0,0,0,0,1,0,600.0,44813.422580645165,111650.4,0,0
6437,63972,36,1777,,3,0,0,52,157042,33.9,8743.0,111,24.05,2.16,0.29,6.44,0,0,0,1,0,300.0,21532.34545454545,39052.7,0,0
6442,194160,48,4045,,17,0,1,54,161954,48.0,8720.0,116,22.78,4.12,0.21,-2.13,0,0,0,1,0,14303.6,27819.532173913045,46612.4,0,0
6450,234336,48,4882,,21,0,1,28,1204953,100.0,12541.0,167,76.68,0.36,0.48,15.68,0,0,0,1,0,3850.8,40621.909,73422.4,0,0
6464,49488,24,2062,,7,0,1,58,161227,69.7,8678.0,102,29.7,5.75,-0.06,-7.74,1,0,0,0,1,300.0,50541.553125,79862.9,0,0
6468,203940,60,3399,,11,0,1,45,1204953,100.0,12541.0,167,76.68,0.36,0.48,15.68,0,0,0,1,0,400.0,42000.78888888889,72580.1,0,0
6469,99744,24,4156,,17,0,1,28,94725,63.4,9920.0,130,48.22,2.56,0.27,12.99,0,0,0,1,0,15075.3,40121.29285714286,79967.9,0,0
6470,49872,12,4156,,22,0,1,32,148545,53.5,8909.0,113,23.73,4.78,0.39,3.78,0,0,0,1,0,24315.8,54333.33983050847,111451.1,0,0
6486,152160,60,2536,,21,1,1,51,74062,61.4,8114.0,119,14.74,2.5,0.1,17.8,0,0,0,1,0,7072.6,24243.974683544304,40150.9,0,0
6490,73260,60,1221,,5,0,1,59,285387,89.9,10177.0,81,35.02,7.19,0.17,2.34,0,0,0,1,0,900.0,33927.08571428571,58294.8,0,0
6495,49044,12,4087,,5,0,1,46,75637,36.5,9622.0,154,46.3,0.52,0.31,1.57,0,0,0,1,0,400.0,49296.52272727273,105561.0,0,0
6502,30276,12,2523,,16,0,0,37,228848,57.2,9893.0,96,25.14,4.4,0.15,4.68,0,0,0,1,0,24695.9,58813.27580645162,115856.0,0,0
6508,110736,48,2307,,8,0,1,59,51428,52.7,8402.0,120,20.4,3.56,0.27,9.98,0,0,0,1,0,13026.6,30696.23818181818,55991.1,0,0
6534,590820,60,9847,,17,0,0,32,387570,100.0,9897.0,140,48.27,1.78,0.22,-0.12,0,0,0,1,0,7149.2,27909.561458333334,45146.0,0,0
6539,12792,12,1066,,13,0,1,26,124605,46.0,8772.0,126,24.12,4.84,0.06,10.66,0,0,0,1,0,14674.8,29593.212328767124,42247.1,0,0
6541,153504,48,3198,,16,0,0,24,108871,62.1,8444.0,106,22.51,3.36,0.07,-11.2,0,0,0,1,0,17009.8,31996.70736842105,59911.4,0,0
6544,130464,48,2718,,22,0,0,25,93931,56.9,8427.0,107,20.16,1.33,0.37,2.11,0,0,0,1,0,13301.0,56473.58014705883,113293.7,0,0
6552,170448,48,3551,,15,1,1,56,228848,57.2,9893.0,96,25.14,4.4,0.15,4.68,0,0,0,1,0,15406.5,39430.42133333333,73025.1,0,0
6553,42384,12,3532,,15,0,1,58,128118,85.3,9317.0,97,53.94,6.78,0.09,-1.11,0,0,0,1,0,20596.6,45665.14903846154,104962.4,0,0
6554,390096,48,8127,,5,1,0,21,112709,73.5,8369.0,117,24.28,2.05,0.29,-8.25,0,0,0,1,0,900.0,44346.15625,77467.0,0,1
6562,94488,24,3937,,8,0,0,41,1204953,100.0,12541.0,167,76.68,0.36,0.48,15.68,0,0,0,1,0,800.0,60311.76666666667,105964.6,0,0
6568,220440,60,3674,,21,0,1,44,102609,52.0,8187.0,94,20.74,5.14,0.13,0.53,0,0,0,1,0,10076.7,41631.47142857143,99990.9,0,0
6569,45456,12,3788,,10,0,1,52,53921,41.3,8598.0,123,32.2,3.01,0.18,17.39,0,0,0,1,0,1000.0,39247.3875,80996.4,0,0
6571,140064,24,5836,,22,0,1,49,51428,52.7,8402.0,120,20.4,3.56,0.27,9.98,0,0,0,1,0,31299.2,66385.61084337349,106908.5,0,0
6574,77544,36,2154,,12,0,1,57,88884,46.7,8507.0,132,27.18,1.76,0.11,23.84,0,0,0,1,0,2860.6,38525.89523809524,122450.5,0,0
6605,79344,48,1653,,18,0,1,48,87419,85.5,8624.0,102,34.75,2.22,0.49,11.08,0,0,0,1,0,13993.0,22637.086666666662,34308.1,0,0
6607,153144,36,4254,,18,0,0,30,67298,43.8,8561.0,110,16.02,0.97,0.98,9.55,1,0,0,0,1,24400.8,57799.05981308412,128009.6,0,0
6612,97392,12,8116,,13,1,0,39,285387,89.9,10177.0,81,35.02,7.19,0.17,2.34,0,0,0,1,0,6146.2,37988.41052631579,127421.2,0,0
6621,42900,12,3575,,21,1,0,35,121947,70.5,8541.0,131,30.08,2.74,0.18,9.8,0,0,0,1,0,5139.9,51024.397087378646,155065.5,0,0
6625,473280,60,7888,,8,0,1,32,387570,100.0,9897.0,140,48.27,1.78,0.22,-0.12,0,0,0,1,0,500.0,52777.34186046512,109736.4,0,1
6632,144960,48,3020,,20,0,1,32,81344,55.3,8899.0,149,33.64,3.68,0.17,-16.75,0,0,0,1,0,20445.0,60697.968817204295,117941.1,0,0
6633,160656,24,6694,,21,0,1,29,92084,46.7,10124.0,141,44.12,0.55,-0.04,13.27,0,0,0,1,0,5045.8,40373.46233766234,137843.0,0,1
6641,128268,36,3563,,5,0,0,57,159617,85.2,9198.0,131,37.36,3.8,0.29,5.81,0,0,0,1,0,700.0,47029.538888888885,75427.0,0,1
6643,35856,24,1494,,17,0,1,32,162580,72.8,9538.0,111,35.34,1.66,0.2,-10.99,0,0,0,1,0,30951.2,57441.7125,77333.8,0,0
6655,260400,60,4340,,18,0,1,49,182027,56.4,8746.0,90,24.14,3.54,0.12,1.76,0,0,0,1,0,3869.3,32142.70588235294,88463.5,0,0
6660,220428,36,6123,,5,0,0,37,106054,63.1,8110.0,109,29.81,6.16,0.14,-5.1,0,0,0,1,0,600.0,60165.795,105524.2,0,0
6665,99300,60,1655,,22,0,1,26,108871,62.1,8444.0,106,22.51,3.36,0.07,-11.2,0,0,0,1,0,23009.4,38577.33,60342.5,0,0
6675,238716,36,6631,,16,0,0,35,78955,59.0,9060.0,124,21.36,2.11,0.37,3.77,0,0,0,1,0,16956.6,66540.96129032258,115150.5,0,0
6677,97980,60,1633,,20,0,1,19,45714,55.6,8843.0,113,18.66,3.21,0.28,8.61,0,0,0,1,0,9326.1,21240.844680851063,32553.8,0,0
6682,36204,12,3017,,15,0,0,61,102609,52.0,8187.0,94,20.74,5.14,0.13,0.53,0,0,0,1,0,-214.8,30323.995789473684,52971.6,3,0
6688,8616,24,359,,12,0,0,24,108871,62.1,8444.0,106,22.51,3.36,0.07,-11.2,0,0,0,1,0,11833.6,25261.335897435896,45336.9,0,0
6695,309660,60,5161,,4,1,1,41,121947,70.5,8541.0,131,30.08,2.74,0.18,9.8,0,0,0,1,0,1100.0,40151.71176470589,70963.2,0,0
6705,333648,48,6951,,10,0,1,23,177686,74.8,10045.0,135,36.3,1.56,0.2,-4.68,0,0,0,1,0,500.0,61748.70206185566,114446.1,0,0
6727,42840,12,3570,,8,0,0,62,285387,89.9,10177.0,81,35.02,7.19,0.17,2.34,0,0,0,1,0,1100.0,35642.19777777778,57767.4,0,1
6730,93036,12,7753,,14,0,1,19,387570,100.0,9897.0,140,48.27,1.78,0.22,-0.12,0,0,0,1,0,1694.0,53222.660215053766,104865.3,0,0
6746,185640,60,3094,,9,0,1,37,112709,73.5,8369.0,117,24.28,2.05,0.29,-8.25,0,0,0,1,0,400.0,29159.44181818182,59523.5,0,0
6748,240900,60,4015,,17,0,1,50,110643,51.9,8441.0,115,18.66,3.97,0.3,19.85,0,0,0,1,0,5822.6,24071.060416666664,53348.9,0,0
6753,67980,12,5665,,3,0,1,53,125832,48.3,8512.0,102,17.28,3.82,0.17,-6.44,0,0,0,1,0,400.0,34806.92142857143,55705.9,0,1
6755,170700,60,2845,,14,0,0,28,107911,50.9,8240.0,99,17.38,3.04,0.41,2.86,0,0,0,1,0,1194.8,28747.817857142854,56839.2,0,0
6758,33144,12,2762,,6,1,1,19,285387,89.9,10177.0,81,35.02,7.19,0.17,2.34,0,0,0,1,0,900.0,32407.646875,61770.9,0,0
6763,88272,48,1839,,13,0,1,20,1204953,100.0,12541.0,167,76.68,0.36,0.48,15.68,0,0,0,1,0,4608.3,17712.797297297297,37880.4,0,0
6766,74352,24,3098,,18,0,1,42,1204953,100.0,12541.0,167,76.68,0.36,0.48,15.68,0,0,0,1,0,19059.9,43114.46489361702,83216.4,0,0
6790,76104,24,3171,,11,1,1,38,145688,40.7,8544.0,109,19.3,1.58,0.44,6.91,0,0,0,1,0,1000.0,20237.192592592597,33813.8,0,0
6791,566640,60,9444,,10,1,1,27,1204953,100.0,12541.0,167,76.68,0.36,0.48,15.68,0,0,0,1,0,200.0,36640.32207792207,61992.7,0,0
6793,186300,60,3105,,13,0,0,52,86513,50.5,8288.0,110,17.47,4.15,0.19,-6.53,0,0,0,1,0,12681.2,64455.19210526316,170682.8,0,0
6819,50112,24,2088,,3,0,0,51,162580,72.8,9538.0,111,35.34,1.66,0.2,-10.99,0,0,0,1,0,900.0,46214.125,102693.8,0,1
6821,321936,48,6707,,23,1,1,38,1204953,100.0,12541.0,167,76.68,0.36,0.48,15.68,0,0,0,1,0,14016.7,36064.79626168225,62516.8,0,0
6824,71976,24,2999,,18,0,0,34,161854,76.3,9425.0,125,24.64,2.11,0.45,-4.75,0,0,0,1,0,-8245.1,39439.206666666665,139580.2,3,1
6851,272220,60,4537,,10,0,1,53,170449,100.0,10787.0,131,36.08,2.86,0.17,3.64,0,0,0,1,0,-625.1,36907.37301587302,93792.7,2,0
6852,16032,48,334,,14,0,1,34,105058,81.0,9272.0,118,42.1,3.01,0.15,3.8,0,0,0,1,0,12976.1,23334.906306306308,53314.4,0,0
6855,52236,36,1451,,14,1,0,61,81344,55.3,8899.0,149,33.64,3.68,0.17,-16.75,0,0,0,1,0,23063.0,35602.65434782609,48645.0,0,0
6856,163332,36,4537,,14,0,0,62,70699,65.3,8968.0,131,25.82,3.09,0.18,9.79,0,0,0,1,0,2777.0,28488.79298245614,67680.1,0,1
6857,69600,48,1450,,22,1,0,30,197099,74.7,9624.0,145,22.2,1.96,0.44,-4.88,0,0,0,1,0,29874.3,43774.53307692308,71208.5,0,0
6859,272220,60,4537,,11,0,1,59,124605,46.0,8772.0,126,24.12,4.84,0.06,10.66,0,0,0,1,0,500.0,39041.91875,104227.6,0,0
6861,215040,60,3584,,13,0,1,39,72541,36.9,8594.0,112,21.4,1.82,0.24,-3.49,0,0,0,1,0,19201.2,38441.145454545454,74896.6,0,0
6866,122472,24,5103,,15,0,1,38,42821,48.4,8173.0,124,31.71,7.01,0.0,0.0,0,0,0,1,0,19828.9,47051.408247422674,106089.9,0,0
6868,82128,24,3422,,16,0,0,30,45714,55.6,8843.0,113,18.66,3.21,0.28,8.61,0,0,0,1,0,871.3,31757.070408163265,70376.1,0,0
6871,164256,48,3422,,15,1,0,27,75637,36.5,9622.0,154,46.3,0.52,0.31,1.57,0,0,0,1,0,20970.1,44616.16704545455,116637.5,0,1
6872,191580,60,3193,,5,0,1,33,121947,70.5,8541.0,131,30.08,2.74,0.18,9.8,0,0,0,1,0,900.0,18241.44,28098.6,0,0
6875,83280,48,1735,,20,0,1,58,114006,62.3,9065.0,123,36.46,4.92,0.21,0.44,0,0,0,1,0,19798.4,40788.04886363636,69424.9,0,1
6877,285240,60,4754,,8,1,0,47,323870,100.0,10673.0,100,57.32,5.1,0.15,-2.31,0,0,0,1,0,1100.0,49699.664814814816,89240.1,0,0
6878,23184,12,1932,,10,0,1,20,161954,48.0,8720.0,116,22.78,4.12,0.21,-2.13,0,0,0,1,0,200.0,36729.80172413793,48344.0,0,1
6887,39576,12,3298,,11,1,1,35,228848,57.2,9893.0,96,25.14,4.4,0.15,4.68,0,0,0,1,0,700.0,30719.746666666662,64870.4,0,0
6908,188616,24,7859,,19,1,0,61,108871,62.1,8444.0,106,22.51,3.36,0.07,-11.2,0,0,0,1,0,18913.4,50409.99056603773,125455.0,0,0
6913,99936,24,4164,,19,0,1,33,1204953,100.0,12541.0,167,76.68,0.36,0.48,15.68,0,0,0,1,0,17150.3,62977.08596491228,111406.5,0,0
6922,83628,36,2323,,7,0,1,22,387570,100.0,9897.0,140,48.27,1.78,0.22,-0.12,0,0,0,1,0,500.0,29077.814705882352,53379.4,0,0
6923,44640,24,1860,,13,0,0,42,108871,62.1,8444.0,106,22.51,3.36,0.07,-11.2,0,0,0,1,0,10042.1,43839.4564516129,65444.3,0,1
6926,374760,60,6246,,15,1,0,48,182027,56.4,8746.0,90,24.14,3.54,0.12,1.76,0,0,0,1,0,18847.9,55878.044117647056,102667.1,0,0
6932,225504,48,4698,,22,0,0,19,94725,63.4,9920.0,130,48.22,2.56,0.27,12.99,0,0,1,0,1,19185.8,54024.155238095234,104681.7,0,0
6934,116832,12,9736,,9,1,1,51,103347,67.0,9104.0,123,22.52,1.79,0.37,2.38,0,0,0,1,0,400.0,23391.68913043478,40761.2,0,0
6938,341280,60,5688,,13,0,0,50,81344,55.3,8899.0,149,33.64,3.68,0.17,-16.75,1,0,0,0,1,21392.1,50845.725000000006,110020.6,0,0
6942,18324,12,1527,,14,1,1,48,108871,62.1,8444.0,106,22.51,3.36,0.07,-11.2,0,0,0,1,0,11342.8,31430.31282051282,54764.2,0,0
6948,157068,36,4363,,8,0,1,28,1204953,100.0,12541.0,167,76.68,0.36,0.48,15.68,0,0,0,1,0,400.0,38742.92380952381,88837.6,0,1
6956,59448,24,2477,,16,0,0,42,75637,36.5,9622.0,154,46.3,0.52,0.31,1.57,0,0,0,1,0,3202.3,27985.13417721519,67122.1,0,0
6959,59448,24,2477,,17,0,0,47,285387,89.9,10177.0,81,35.02,7.19,0.17,2.34,0,0,0,1,0,1670.3,47993.56304347826,119012.4,4,1
6962,279072,48,5814,,20,1,0,30,1204953,100.0,12541.0,167,76.68,0.36,0.48,15.68,0,0,0,1,0,4498.1,46451.656,111246.0,0,1
6969,88200,36,2450,,15,1,0,55,127369,51.2,8369.0,107,25.68,5.3,0.24,-24.86,0,0,0,1,0,20207.7,37594.36,60161.5,0,0
6970,31620,60,527,,8,0,0,60,112065,69.4,11277.0,127,45.36,1.34,0.15,-3.7,0,0,0,1,0,500.0,27522.883783783785,45836.3,0,0
6984,116040,60,1934,,7,1,1,60,387570,100.0,9897.0,140,48.27,1.78,0.22,-0.12,0,0,0,1,0,900.0,29865.18974358974,42494.9,0,0
7001,300600,60,5010,,13,0,1,35,67298,43.8,8561.0,110,16.02,0.97,0.98,9.55,1,0,0,0,1,24267.8,54352.40543478261,104169.8,0,0
7035,210744,36,5854,,8,0,0,21,197099,74.7,9624.0,145,22.2,1.96,0.44,-4.88,0,0,0,1,0,200.0,51175.19230769231,87392.9,0,0
7037,218064,48,4543,,8,0,1,55,1204953,100.0,12541.0,167,76.68,0.36,0.48,15.68,0,0,0,1,0,400.0,54315.558974358966,81063.2,0,0
7046,91632,12,7636,,12,1,0,56,74062,61.4,8114.0,119,14.74,2.5,0.1,17.8,0,0,0,1,0,4358.5,17876.53768115942,29167.6,0,0
7049,233424,36,6484,,8,0,0,40,149893,67.4,9753.0,109,37.14,4.84,0.09,12.38,0,0,0,1,0,200.0,54476.857142857145,105024.8,0,0
7050,311232,48,6484,,18,0,1,53,127369,51.2,8369.0,107,25.68,5.3,0.24,-24.86,0,0,0,1,0,24491.2,72245.21855670103,133693.4,0,1
7051,77808,12,6484,,3,1,0,44,1204953,100.0,12541.0,167,76.68,0.36,0.48,15.68,0,0,0,1,0,1000.0,68874.72173913044,101117.1,0,1
7067,136368,24,5682,,8,0,0,30,58400,52.4,8620.0,100,18.89,1.18,0.14,2.57,0,0,0,1,0,600.0,60593.8406779661,119446.2,0,0
7072,22104,12,1842,,12,0,1,34,125236,87.7,9675.0,100,41.97,7.06,0.19,-2.49,0,0,0,1,0,14208.0,44739.22083333333,61159.2,0,0
7085,305424,48,6363,,11,0,1,36,285387,89.9,10177.0,81,35.02,7.19,0.17,2.34,0,0,0,1,0,300.0,46147.52168674699,120227.9,0,0
7087,44304,24,1846,,10,0,0,33,85852,59.8,8965.0,104,31.88,7.66,0.16,6.38,0,0,0,1,0,300.0,42830.99523809524,58281.2,0,0
7088,239160,60,3986,,14,0,0,52,67298,43.8,8561.0,110,16.02,0.97,0.98,9.55,0,0,0,1,0,20361.8,37936.75858585859,77714.9,0,0
7091,113436,36,3151,,12,0,0,44,105606,53.0,8254.0,97,21.26,3.28,0.35,7.36,0,0,0,1,0,17451.1,69378.29108910891,131410.1,0,1
7096,37812,12,3151,,16,0,1,34,67298,43.8,8561.0,110,16.02,0.97,0.98,9.55,0,0,0,1,0,9818.6,51996.50760869565,126763.3,0,0
7100,348120,60,5802,,13,0,1,37,42821,48.4,8173.0,124,31.71,7.01,0.0,0.0,0,0,0,1,0,31863.6,60258.218032786885,111159.5,0,0
7110,31260,12,2605,,21,1,0,31,159617,85.2,9198.0,131,37.36,3.8,0.29,5.81,0,0,0,1,0,8465.3,20985.176923076924,30191.0,0,0
7115,88704,48,1848,,22,1,1,39,87419,85.5,8624.0,102,34.75,2.22,0.49,11.08,0,0,0,1,0,9953.6,17210.07162162162,25841.4,0,0
7119,86880,12,7240,,11,0,1,59,103347,67.0,9104.0,123,22.52,1.79,0.37,2.38,1,0,0,0,1,500.0,56531.81724137931,106368.8,0,0
7122,260640,36,7240,,16,0,1,50,58400,52.4,8620.0,100,18.89,1.18,0.14,2.57,0,0,0,1,0,-718.6,31904.927536231884,88731.8,1,0
7129,194280,60,3238,,14,0,0,30,1204953,100.0,12541.0,167,76.68,0.36,0.48,15.68,0,0,0,1,0,30476.0,49302.54761904762,77920.1,0,0
7139,23412,12,1951,,20,1,0,44,226122,62.6,8994.0,110,41.74,4.3,0.26,-4.79,1,0,0,0,1,12363.9,54894.41071428572,88158.1,0,0
7147,267600,48,5575,,22,0,1,41,285387,89.9,10177.0,81,35.02,7.19,0.17,2.34,0,0,0,1,0,5691.7,71021.40777777779,137673.6,0,1
7151,133800,24,5575,,13,0,0,58,107870,58.0,8754.0,137,35.56,4.07,0.13,1.7,0,0,0,1,0,7107.3,46352.82584269663,83556.1,0,0
7164,249792,48,5204,,9,0,0,34,157042,33.9,8743.0,111,24.05,2.16,0.29,6.44,0,0,0,1,0,700.0,58128.03111111111,94979.3,0,0
7167,269964,36,7499,,11,0,1,20,93931,56.9,8427.0,107,20.16,1.33,0.37,2.11,0,0,1,0,1,400.0,61366.869333333336,120646.8,0,0
7168,208332,36,5787,,18,0,1,19,88884,46.7,8507.0,132,27.18,1.76,0.11,23.84,0,0,0,1,0,25039.8,62835.23516483517,134634.4,0,0
7171,196224,48,4088,,5,0,0,49,127369,51.2,8369.0,107,25.68,5.3,0.24,-24.86,0,0,0,1,0,300.0,72465.66956521738,135473.2,0,0
7172,45720,12,3810,,13,0,1,21,1204953,100.0,12541.0,167,76.68,0.36,0.48,15.68,0,0,0,1,0,15597.1,42559.04444444445,87185.5,0,0
7181,197808,24,8242,,4,0,1,37,1204953,100.0,12541.0,167,76.68,0.36,0.48,15.68,0,0,0,1,0,900.0,64942.89333333333,111796.9,0,0
7187,24180,60,403,,17,0,0,61,159617,85.2,9198.0,131,37.36,3.8,0.29,5.81,0,0,0,1,0,59468.0,82658.33185840708,97336.5,0,0
7195,339168,48,7066,,9,0,1,57,112709,73.5,8369.0,117,24.28,2.05,0.29,-8.25,0,0,0,1,0,1000.0,28634.139215686275,41024.0,0,0
7199,45768,12,3814,,14,1,0,55,138032,64.6,8819.0,99,31.04,5.52,0.05,10.87,0,0,0,1,0,2885.5,57762.7896,150977.5,0,0
7200,31140,60,519,,10,0,0,22,127369,51.2,8369.0,107,25.68,5.3,0.24,-24.86,0,0,0,1,0,800.0,28375.804,37613.5,0,1
7201,67464,12,5622,,11,0,0,64,125236,87.7,9675.0,100,41.97,7.06,0.19,-2.49,0,0,0,1,0,600.0,48557.38070175439,92407.6,0,0
7202,140688,48,2931,,13,1,0,58,93931,56.9,8427.0,107,20.16,1.33,0.37,2.11,0,0,0,1,0,15923.0,55957.1658227848,140245.8,0,1
7209,385560,60,6426,,14,0,0,43,102609,52.0,8187.0,94,20.74,5.14,0.13,0.53,0,0,0,1,0,3338.9,26986.364705882355,66054.9,0,1
7219,57120,48,1190,,9,0,0,41,105058,81.0,9272.0,118,42.1,3.01,0.15,3.8,0,0,0,1,0,1000.0,41985.62040816326,53271.2,0,0
7221,152460,60,2541,,16,0,1,48,88757,61.7,8554.0,113,22.76,2.58,0.09,21.72,0,0,0,1,0,4275.8,20204.27452830189,49523.0,0,0
7230,18720,60,312,,8,1,0,39,88757,61.7,8554.0,113,22.76,2.58,0.09,21.72,0,0,0,1,0,300.0,40748.34523809524,58660.4,0,1
7242,48096,24,2004,,15,0,0,41,105058,81.0,9272.0,118,42.1,3.01,0.15,3.8,0,0,0,1,0,17772.0,34070.01081081081,51009.5,0,0
7250,119136,48,2482,,21,0,1,36,114006,62.3,9065.0,123,36.46,4.92,0.21,0.44,0,0,0,1,0,20817.2,38080.848333333335,75691.7,0,1
7253,98304,12,8192,,17,0,0,29,93931,56.9,8427.0,107,20.16,1.33,0.37,2.11,0,0,0,1,0,27907.7,66267.96428571429,125191.7,0,0
7255,213300,60,3555,,6,0,1,44,72541,36.9,8594.0,112,21.4,1.82,0.24,-3.49,0,0,0,1,0,800.0,37524.88636363636,64468.6,0,0
7264,44940,12,3745,,7,0,1,23,1204953,100.0,12541.0,167,76.68,0.36,0.48,15.68,0,0,0,1,0,200.0,52484.8225,106467.0,0,1
7277,89280,12,7440,,8,0,0,52,1204953,100.0,12541.0,167,76.68,0.36,0.48,15.68,0,0,0,1,0,900.0,60522.040384615386,109529.5,0,0
7279,155760,24,6490,,11,0,1,51,133777,84.7,8705.0,116,35.54,6.68,0.32,4.49,0,0,0,1,0,200.0,51964.019277108426,108538.5,0,0
7286,67320,36,1870,,16,0,0,27,95616,51.4,9307.0,118,29.58,4.14,0.15,16.19,0,0,0,1,0,18148.6,26017.078125,42110.2,0,0
7292,317460,60,5291,,16,0,0,24,102609,52.0,8187.0,94,20.74,5.14,0.13,0.53,0,0,0,1,0,17496.3,65709.88813559322,135890.4,0,0
7294,39168,24,1632,,11,0,1,20,94725,63.4,9920.0,130,48.22,2.56,0.27,12.99,0,0,0,1,0,300.0,55438.851851851854,81495.6,0,0
7295,280440,60,4674,,20,0,1,47,387570,100.0,9897.0,140,48.27,1.78,0.22,-0.12,0,0,0,1,0,10774.7,37242.32,102466.2,0,1
