client_id,district_id,sex,age
1,18,1,29
2,1,0,54
3,1,1,59
4,5,0,43
5,5,1,39
6,12,0,80
7,15,0,70
8,51,1,61
9,60,0,64
10,57,0,56
11,57,1,49
12,40,0,18
13,54,1,25
14,76,1,57
15,21,1,81
16,21,0,80
17,76,0,65
18,76,1,68
19,47,0,57
20,46,0,20
21,12,1,47
22,1,1,30
23,1,0,26
24,43,1,60
25,21,1,60
26,74,1,30
27,54,1,33
28,1,0,54
29,30,1,48
30,74,1,42
31,68,0,37
32,52,0,19
33,73,1,51
36,7,1,21
37,7,0,29
38,36,1,26
39,68,0,31
40,5,1,42
41,22,0,31
42,68,0,64
43,75,0,79
44,38,1,22
45,20,0,47
46,19,1,59
47,76,0,65
48,16,0,59
49,72,1,40
50,39,1,21
51,36,1,20
52,32,0,75
53,64,0,22
55,45,1,51
56,21,0,39
57,21,1,38
58,1,1,72
59,1,0,42
60,67,0,19
61,16,1,51
62,77,0,67
63,4,0,40
64,20,0,73
65,50,1,56
66,1,1,48
67,29,1,67
68,43,0,53
70,70,0,74
71,70,1,72
72,47,0,76
73,22,0,75
74,22,1,74
75,64,1,22
76,36,1,32
77,1,1,43
78,16,1,55
79,37,1,30
80,64,1,20
81,8,0,23
82,8,1,20
83,1,1,21
84,1,0,20
85,1,0,38
86,1,1,30
87,72,1,53
89,1,1,48
90,52,0,24
91,63,0,59
92,74,1,33
93,3,0,74
94,43,0,52
95,43,1,47
96,74,0,27
97,26,0,34
98,33,1,26
99,33,0,26
100,44,1,57
101,68,0,56
102,74,1,41
103,74,0,44
105,31,0,19
106,68,1,31
107,1,0,27
108,17,0,36
110,2,1,32
112,1,0,64
113,1,1,59
114,74,1,30
115,74,0,30
116,74,0,57
117,74,1,63
118,55,0,77
119,55,1,77
120,1,0,23
121,41,1,21
122,35,1,36
123,11,0,30
124,44,0,32
125,37,0,63
126,37,1,70
127,21,1,49
128,63,1,26
129,64,1,52
130,53,0,57
131,53,1,22
132,36,0,46
134,6,0,67
135,6,1,61
136,55,1,78
137,60,0,76
138,54,1,27
139,8,1,40
140,8,0,38
141,31,0,74
142,68,0,62
143,27,0,21
144,65,0,41
145,55,0,21
146,31,1,38
147,21,1,66
148,21,0,59
149,55,0,51
150,2,1,19
151,51,1,28
152,29,1,54
153,13,1,18
154,74,0,66
155,74,1,60
156,54,1,69
157,52,1,56
158,40,1,54
159,40,0,61
160,64,1,57
161,34,1,56
162,65,0,58
163,74,0,66
164,70,1,37
165,22,0,31
166,22,1,38
167,38,1,21
168,24,1,23
169,38,0,46
170,38,1,53
171,51,0,70
172,51,1,64
173,21,1,81
174,10,0,21
175,31,0,39
176,4,0,70
178,8,0,39
179,43,0,19
180,73,0,17
181,76,0,32
182,76,1,40
183,1,1,21
184,1,0,27
185,77,0,45
186,46,1,38
187,58,0,57
188,64,0,39
189,11,0,80
190,37,1,52
191,37,0,45
192,70,0,28
193,1,0,37
194,28,1,75
195,74,0,80
196,74,1,72
197,30,0,66
198,60,0,23
199,29,0,76
200,29,1,71
201,17,1,69
202,29,1,23
203,31,0,37
204,31,1,32
205,4,1,57
206,59,1,36
207,46,0,67
208,13,1,59
209,13,0,64
210,66,0,60
211,66,1,54
212,52,0,24
215,71,0,32
216,1,0,39
217,59,1,25
218,1,1,19
219,60,1,35
221,21,1,22
222,47,1,27
223,43,1,47
224,77,0,44
225,32,0,63
226,1,0,57
227,52,1,73
228,48,1,43
229,76,0,30
230,74,1,32
231,41,0,58
232,55,1,78
233,69,1,41
234,69,0,44
235,44,1,56
236,70,0,38
237,70,1,30
238,6,1,38
239,1,1,25
240,34,1,70
241,70,0,40
242,17,1,38
243,63,0,45
246,67,1,29
247,1,0,42
248,61,1,30
249,61,0,29
250,8,1,20
251,54,1,23
252,37,1,30
253,48,1,52
254,28,0,36
255,27,1,48
256,73,1,36
257,22,1,57
258,22,0,62
259,31,0,33
260,31,1,37
261,38,1,62
262,77,0,54
263,68,0,37
264,28,0,21
265,72,1,66
266,19,1,32
267,37,0,32
268,39,1,17
269,15,1,76
270,46,0,52
271,46,1,54
272,70,1,55
273,27,1,27
274,17,1,29
275,1,1,81
276,1,0,42
277,1,1,38
278,22,1,27
279,22,0,29
280,45,1,30
282,73,1,61
283,73,0,66
284,10,0,25
285,72,0,45
286,72,1,47
287,50,0,19
288,6,0,37
289,54,0,41
290,72,0,40
291,72,1,44
292,15,1,41
293,69,0,56
294,58,0,31
295,12,0,60
296,65,0,25
297,65,1,75
298,65,0,78
300,1,1,42
301,28,0,57
302,56,0,28
303,74,0,53
304,19,1,65
305,46,0,61
308,68,1,23
309,37,1,30
310,11,0,49
311,64,1,69
312,2,0,75
313,24,1,57
314,24,0,54
315,54,0,32
316,75,0,44
317,64,1,42
318,15,1,56
319,19,1,70
320,19,0,65
321,47,1,56
322,38,0,66
323,38,1,61
324,3,0,39
325,3,0,39
326,27,1,32
327,27,0,31
328,1,1,81
329,11,0,35
330,65,1,55
331,1,0,57
332,29,0,21
333,38,0,28
334,32,0,30
335,73,1,32
336,39,1,35
337,39,0,42
338,8,1,48
339,1,0,33
340,1,1,29
341,69,0,22
342,69,1,27
343,44,0,80
344,54,1,36
345,17,0,46
346,17,1,39
347,71,0,40
348,71,1,46
349,39,1,72
350,25,1,74
351,1,0,26
352,56,0,59
353,7,0,34
354,49,1,77
355,49,0,69
356,1,1,20
357,1,0,20
358,7,1,40
359,66,0,29
360,49,0,56
361,74,1,22
362,35,1,49
363,35,0,57
364,54,1,57
365,1,0,69
366,1,1,63
367,60,1,36
368,60,0,31
369,7,1,69
370,71,1,43
371,4,0,57
372,34,0,67
373,16,0,63
374,26,0,32
375,61,1,30
376,14,1,26
378,50,0,21
379,50,1,16
380,41,0,26
381,73,1,22
382,73,0,21
383,15,1,60
384,15,0,64
385,45,0,51
386,62,0,19
387,76,0,72
388,36,1,49
389,47,1,25
390,47,1,22
391,47,1,66
392,74,1,49
393,74,0,43
394,52,1,75
395,52,0,80
396,1,0,79
397,75,0,69
398,61,1,74
399,45,0,47
400,1,0,66
401,1,1,71
402,3,0,56
403,42,1,26
404,42,0,32
405,65,1,65
406,36,0,22
407,73,1,24
408,35,1,21
409,74,0,74
410,62,0,37
411,17,1,58
412,17,0,55
413,49,1,27
414,46,1,52
415,46,0,54
416,1,1,67
417,1,0,69
418,28,0,33
419,64,1,29
420,18,0,21
421,54,0,34
422,69,0,53
423,37,0,42
424,1,0,52
425,25,0,51
426,72,0,62
427,72,1,58
428,47,1,80
429,50,1,18
430,39,0,79
431,24,1,72
432,59,1,47
433,62,0,44
434,70,1,56
435,20,0,32
436,2,0,44
437,11,1,79
438,32,0,61
439,51,1,31
440,15,1,29
441,1,0,40
442,1,1,28
443,1,0,28
444,74,1,39
445,1,1,52
446,1,0,47
447,23,0,53
448,77,1,29
450,25,0,46
451,12,0,20
452,55,1,46
453,67,0,30
454,38,1,50
455,68,0,79
456,25,0,59
457,70,0,49
458,68,0,38
459,32,1,32
461,68,1,29
462,14,0,29
463,38,0,55
464,24,1,40
465,5,0,47
466,1,1,52
467,1,0,49
468,72,0,40
469,59,1,29
470,30,1,45
471,44,0,22
472,36,0,18
473,1,1,60
474,46,0,50
476,1,1,52
477,1,0,45
478,21,0,21
479,11,0,52
480,11,1,53
481,69,0,72
482,69,1,65
483,1,0,55
484,28,1,40
485,32,0,21
486,68,0,55
487,1,1,77
488,1,0,82
489,41,0,59
490,55,0,49
491,63,0,33
492,72,0,64
493,41,1,57
494,1,0,19
495,49,1,62
496,70,1,48
497,74,0,46
498,74,1,51
499,18,1,64
500,1,0,28
501,62,0,62
502,6,0,80
503,73,0,40
504,36,0,20
505,13,0,22
506,75,0,53
507,75,0,45
508,53,0,28
509,73,0,19
510,12,0,23
511,9,0,40
512,60,1,34
513,8,1,25
514,8,0,31
515,1,0,67
516,1,1,69
517,63,0,34
518,54,1,20
519,18,0,19
520,46,1,52
521,69,0,24
522,1,1,43
523,38,0,77
524,30,1,36
525,30,0,30
526,43,0,35
527,43,1,33
528,37,0,22
529,69,0,21
530,29,1,42
531,27,0,23
532,27,1,19
533,54,1,58
534,74,0,42
535,26,0,62
536,47,0,60
537,1,0,64
538,5,1,51
540,19,0,78
541,19,1,72
542,59,1,78
543,11,1,41
544,63,0,51
545,75,1,26
546,7,0,46
547,54,0,50
548,49,0,62
550,7,0,38
551,47,1,23
552,1,1,65
553,1,0,58
554,30,1,74
555,30,0,73
556,29,0,53
557,51,0,60
558,43,1,79
559,32,1,27
560,71,1,32
561,74,1,37
562,49,1,24
563,72,1,38
564,72,0,44
565,64,1,40
566,47,1,53
567,47,0,49
568,8,1,39
569,73,0,37
570,61,1,58
571,3,0,75
572,3,1,79
573,69,0,32
574,1,0,27
575,58,0,29
576,58,1,25
577,1,1,36
578,23,1,22
579,72,1,66
581,70,1,50
582,1,0,49
583,75,1,35
584,33,1,23
585,40,1,57
586,40,0,52
587,25,1,54
588,61,1,39
589,45,0,38
590,44,0,50
591,65,1,25
592,26,0,34
593,60,1,45
596,69,0,51
597,55,0,56
598,1,0,29
599,1,1,22
601,56,0,33
602,56,1,34
603,13,1,33
604,1,1,34
605,1,1,29
606,10,1,50
607,64,0,35
608,67,0,27
609,52,0,37
610,74,1,20
611,36,0,47
612,36,1,39
613,1,1,22
614,14,1,52
615,68,1,50
616,58,0,25
617,70,0,25
618,57,1,67
619,6,0,79
620,6,1,81
621,54,0,60
622,74,1,68
623,24,0,74
624,24,1,67
625,60,1,21
626,9,0,19
627,17,0,27
628,17,1,29
629,16,0,23
630,61,0,47
631,70,1,43
632,67,0,53
633,67,1,61
635,17,1,72
636,17,0,64
637,39,1,29
638,54,1,38
639,31,0,21
640,26,0,20
641,40,1,37
642,40,0,36
643,1,1,50
644,35,1,38
645,14,0,74
646,34,1,77
647,34,0,70
648,70,1,64
649,13,1,21
651,54,1,23
652,61,0,61
653,1,1,69
654,64,1,57
655,32,0,57
656,1,0,43
657,8,1,73
658,8,0,73
659,24,0,34
660,16,0,76
661,16,1,80
662,5,0,54
663,24,0,76
664,77,1,19
665,62,1,67
666,26,0,17
667,26,1,18
668,1,1,57
669,12,1,43
670,1,0,40
671,10,1,28
672,46,1,70
673,36,0,60
674,11,1,72
675,50,0,24
676,70,0,46
677,5,0,36
678,39,1,66
679,8,0,59
680,8,1,59
681,15,0,22
682,18,0,20
683,76,1,54
684,3,1,23
685,72,1,69
686,32,1,28
687,32,0,24
688,1,0,45
689,70,0,35
690,38,0,57
691,38,1,55
692,74,1,63
693,74,0,64
694,29,0,63
695,28,0,44
696,28,1,47
697,1,0,25
698,75,0,45
699,26,1,77
700,12,0,70
702,31,1,31
703,4,0,40
704,54,0,24
705,19,0,61
706,1,0,51
707,1,0,58
708,50,1,22
709,1,0,65
710,23,0,74
711,48,1,36
712,54,0,37
713,20,1,19
714,31,0,29
715,1,1,47
716,1,1,45
717,54,0,31
718,54,1,39
719,46,0,25
720,29,0,45
721,43,0,59
722,62,1,29
723,12,1,42
724,65,1,46
725,75,0,43
726,16,0,64
727,32,1,69
728,32,0,67
729,63,1,30
730,63,0,26
731,74,1,20
732,74,0,21
733,46,0,21
734,46,1,14
735,1,0,26
736,1,1,22
737,74,0,47
738,25,0,79
739,72,0,57
740,55,0,76
741,74,0,58
742,1,1,48
743,1,0,58
744,26,0,59
745,52,1,33
746,52,0,37
747,24,1,46
748,25,0,63
749,25,1,66
750,70,1,43
751,70,0,40
752,72,0,55
753,72,1,59
754,63,1,52
755,72,0,52
756,31,0,79
757,71,1,29
758,68,1,38
759,29,0,44
760,57,1,63
762,21,0,62
763,75,1,72
764,49,1,44
765,65,0,30
766,1,1,73
767,1,0,76
768,32,1,68
769,40,0,22
772,64,0,55
773,4,0,64
774,70,0,26
775,51,1,59
776,1,1,46
777,1,0,38
778,13,0,59
779,69,1,55
780,3,0,75
781,72,0,54
782,5,1,36
783,27,1,28
784,27,0,35
785,63,0,65
786,53,0,21
787,3,0,52
788,47,0,25
789,4,0,68
790,63,1,32
791,68,1,49
793,21,0,21
794,21,1,20
796,1,0,80
797,8,0,51
798,27,1,59
799,27,0,63
803,35,0,48
804,35,1,43
806,60,0,19
807,53,1,30
808,31,0,36
809,49,0,80
810,58,1,54
811,58,0,59
812,39,0,59
813,70,0,35
814,19,0,40
815,22,1,35
816,17,1,41
818,54,0,33
819,74,0,41
820,74,1,39
821,49,0,51
822,37,1,40
823,41,0,43
824,27,0,47
825,74,0,22
826,1,0,21
827,10,1,34
828,10,0,41
829,24,0,42
830,69,0,51
831,2,0,51
832,67,1,76
833,5,0,39
834,54,0,77
835,28,1,56
836,28,0,51
837,71,0,25
838,71,1,31
839,47,1,44
840,20,0,62
841,69,0,18
842,12,1,66
843,54,1,42
844,22,0,54
845,22,1,46
846,35,0,50
847,49,0,20
849,26,1,60
850,19,0,30
851,25,0,80
852,25,1,83
853,70,0,50
854,72,1,58
855,58,0,69
856,23,0,80
857,32,0,51
858,47,1,40
859,1,1,31
860,1,0,32
861,1,1,43
862,30,0,47
863,54,1,31
864,11,0,46
865,11,1,53
866,38,1,24
870,70,0,42
871,76,0,25
872,35,0,36
873,60,0,55
874,14,1,47
875,14,0,43
876,1,0,39
877,5,1,72
878,5,0,79
879,38,1,56
880,49,0,39
881,5,1,24
882,70,1,66
883,75,1,79
884,75,0,81
885,34,0,76
886,34,0,51
887,66,1,26
888,28,0,26
889,54,1,18
890,77,0,80
891,33,0,68
892,42,1,77
893,43,1,64
894,75,0,65
895,39,0,29
896,36,1,26
897,36,0,18
898,38,1,56
899,38,0,55
900,73,0,22
901,39,0,80
902,23,0,49
903,31,0,65
904,1,0,67
905,38,0,59
906,65,0,21
907,51,0,51
908,51,1,38
909,23,0,24
910,1,0,38
911,43,0,60
912,76,0,79
913,1,0,61
914,1,1,78
915,12,0,24
916,3,0,41
917,25,1,26
918,26,0,35
921,7,1,45
922,22,1,27
923,22,0,21
924,1,0,46
925,54,0,40
926,1,0,18
927,1,0,25
928,66,1,48
929,30,0,64
930,68,1,40
931,16,0,31
932,3,0,52
933,33,1,21
934,33,0,17
935,42,1,53
936,42,0,56
937,1,0,68
938,59,1,55
939,21,0,47
940,53,0,39
941,10,0,64
942,12,1,68
943,12,0,63
944,39,0,29
945,39,1,22
946,54,0,48
948,49,0,75
949,3,0,23
950,76,1,34
951,76,0,39
952,63,1,48
953,25,0,62
954,1,1,57
955,57,0,29
956,1,0,33
957,56,1,58
958,56,0,57
959,11,1,37
960,16,1,42
961,15,1,68
962,19,0,33
963,64,1,33
964,10,1,46
965,13,1,27
966,13,0,21
967,76,0,20
968,69,0,42
970,36,0,42
971,46,1,81
972,46,0,82
973,14,1,29
974,14,0,36
975,1,1,40
976,16,1,44
977,76,1,73
978,56,1,31
979,56,0,33
980,40,0,38
981,5,0,39
984,20,0,50
985,20,1,52
986,74,0,44
987,60,0,47
988,40,1,60
989,40,0,66
990,71,0,38
991,32,0,58
992,19,0,51
993,44,1,30
994,36,0,28
995,36,1,26
996,1,1,19
997,59,0,49
998,59,1,46
999,74,1,33
1000,74,0,38
1001,44,0,52
1002,42,1,55
1003,31,1,62
1004,3,0,42
1006,46,1,57
1007,46,0,61
1008,6,0,43
1009,33,1,37
1010,33,0,44
1011,16,0,60
1012,70,1,33
1013,70,0,26
1014,1,0,68
1015,62,0,65
1016,62,1,59
1017,6,1,56
1018,53,0,54
1019,14,1,53
1020,72,1,22
1021,2,0,22
1022,31,0,59
1023,1,0,61
1024,25,0,43
1025,15,0,35
1026,57,0,20
1027,1,1,59
1028,1,0,65
1029,1,1,45
1030,1,0,52
1031,2,1,31
1032,1,1,61
1033,1,0,62
1034,52,1,25
1035,13,1,28
1036,13,0,23
1037,1,1,34
1038,69,1,38
1039,70,1,19
1040,1,0,39
1041,72,0,38
1042,17,1,33
1043,17,0,36
1044,9,1,28
1045,60,1,52
1046,1,0,24
1047,16,1,36
1048,70,1,25
1049,1,0,57
1050,27,1,28
1051,73,1,28
1052,56,0,35
1053,56,1,41
1054,63,0,75
1055,4,0,80
1056,1,0,36
1057,52,0,60
1058,9,1,24
1059,26,0,39
1060,26,1,42
1062,16,0,24
1063,16,1,23
1064,1,1,48
1065,2,0,42
1066,1,0,59
1067,1,0,47
1068,13,1,73
1069,54,1,61
1070,54,0,61
1071,43,0,74
1072,60,1,33
1073,34,0,75
1074,34,1,71
1075,65,1,65
1076,53,1,20
1077,46,0,79
1078,24,1,21
1079,3,0,38
1080,54,1,49
1081,71,0,29
1082,9,0,32
1083,48,0,62
1084,48,1,55
1085,60,1,67
1086,74,0,26
1087,74,1,21
1088,47,1,30
1089,1,0,60
1090,35,1,60
1091,59,1,59
1092,41,1,37
1093,62,1,23
1094,30,1,39
1095,30,0,45
1096,1,1,73
1097,1,0,69
1098,60,1,51
1099,65,1,20
1100,59,0,48
1101,74,0,53
1102,72,0,64
1103,1,0,48
1104,1,1,44
1105,56,0,57
1106,56,1,59
1107,60,0,38
1108,62,1,44
1109,58,1,68
1110,10,1,71
1111,61,0,20
1112,13,1,69
1113,11,0,23
1114,59,0,19
1115,36,1,79
1116,69,1,26
1117,20,1,23
1118,20,0,30
1119,54,1,19
1120,41,1,26
1121,59,0,60
1122,20,0,78
1123,20,1,77
1124,21,0,71
1125,9,1,65
1126,9,0,64
1127,23,0,25
1128,7,0,69
1129,43,0,68
1130,70,1,59
1131,55,1,52
1132,55,0,51
1133,37,1,41
1134,37,0,40
1135,8,0,47
1136,9,1,23
1137,1,1,22
1138,70,1,29
1139,70,0,26
1140,18,0,53
1141,21,1,58
1142,59,1,53
1143,59,0,53
1145,58,1,31
1146,54,0,34
1147,3,0,69
1148,41,0,58
1149,14,1,23
1150,74,1,54
1151,59,0,26
1152,74,0,18
1153,70,1,19
1154,72,0,75
1155,72,1,77
1156,1,1,66
1157,4,1,41
1158,1,1,45
1159,64,0,55
1160,64,1,61
1161,7,0,26
1162,26,1,24
1163,20,0,35
1164,15,1,40
1165,15,1,57
1166,74,0,40
1167,74,1,45
1168,19,0,21
1169,18,1,58
1170,12,0,22
1171,46,1,25
1172,54,1,76
1173,54,0,77
1174,29,1,29
1175,1,0,74
1176,1,1,81
1177,77,1,60
1178,1,1,28
1179,1,1,69
1180,21,0,55
1181,1,0,60
1182,66,1,53
1183,54,0,57
1186,2,1,52
1187,32,1,38
1188,32,0,31
1189,74,1,67
1190,15,1,23
1191,15,0,22
1192,10,1,75
1193,19,0,73
1194,17,1,60
1195,39,1,60
1196,22,0,56
1197,6,1,33
1198,72,1,24
1199,64,1,23
1200,47,1,68
1201,54,0,54
1202,47,1,19
1204,77,1,25
1206,50,0,42
1207,28,1,60
1208,70,1,24
1209,36,1,42
1210,6,0,38
1211,1,0,21
1212,13,1,72
1213,1,0,33
1214,61,0,59
1215,45,0,55
1216,65,1,54
1217,59,0,62
1218,74,0,19
1219,1,0,55
1220,40,1,46
1221,14,1,26
1222,7,1,60
1223,14,1,44
1224,56,0,61
1225,42,0,53
1226,33,1,48
1227,33,0,44
1228,21,1,50
1229,19,0,28
1231,20,1,34
1232,20,0,40
1233,68,0,57
1234,23,0,24
1235,23,1,20
1236,26,1,32
1237,57,0,76
1238,74,0,64
1239,11,1,23
1240,32,1,23
1241,73,1,57
1242,73,1,55
1243,11,1,25
1244,1,0,35
1245,64,0,20
1246,70,0,37
1247,70,1,30
1248,19,0,28
1250,43,1,47
1251,1,0,40
1252,1,1,46
1253,14,1,32
1254,3,1,60
1255,1,1,33
1256,46,1,44
1257,35,1,71
1258,35,0,75
1259,18,0,33
1260,57,1,54
1261,57,0,48
1262,35,0,47
1263,35,1,40
1264,61,1,23
1265,57,1,41
1266,71,1,47
1267,29,1,45
1268,29,0,50
1269,1,1,51
1270,13,0,69
1271,47,0,64
1272,8,0,55
1273,6,0,21
1274,44,0,23
1275,1,1,48
1276,68,1,57
1277,70,0,68
1278,72,0,21
1279,16,0,43
1280,34,0,47
1281,34,1,50
1282,52,0,63
1283,66,1,60
1284,66,0,56
1285,62,0,60
1286,52,1,49
1287,65,1,55
1288,73,0,27
1289,59,0,53
1290,35,0,23
1291,1,1,35
1292,14,0,22
1293,1,0,72
1294,1,1,69
1295,74,1,55
1296,55,1,40
1297,64,1,81
1298,64,0,78
1299,2,1,79
1300,45,0,20
1303,42,1,59
1304,37,0,63
1305,55,1,54
1306,32,1,77
1307,74,0,46
1308,69,0,45
1309,1,0,24
1310,41,1,22
1311,54,1,43
1312,35,1,64
1313,54,0,29
1314,54,1,24
1315,34,0,76
1316,67,1,53
1317,67,0,54
1318,47,0,68
1321,35,1,22
1322,4,1,54
1323,70,0,55
1324,66,1,43
1325,39,0,54
1326,55,1,43
1327,20,1,36
1328,42,1,62
1329,26,0,81
1330,66,0,31
1331,54,0,36
1332,5,1,42
1333,48,0,50
1334,8,0,21
1335,1,1,38
1336,1,0,37
1337,56,1,20
1338,56,0,16
1339,22,0,40
1340,68,1,60
1341,69,1,37
1343,1,1,60
1344,1,0,64
1345,32,0,31
1346,13,0,45
1347,13,0,29
1348,13,1,24
1349,26,1,31
1350,1,0,40
1351,1,1,48
1352,54,1,28
1353,27,0,40
1354,64,0,78
1355,35,1,23
1356,1,0,67
1359,1,1,48
1360,1,0,53
1361,1,1,77
1362,1,0,70
1363,6,1,20
1364,1,0,66
1365,1,1,61
1366,12,1,19
1367,60,1,34
1368,60,0,42
1369,41,0,21
1370,34,1,34
1371,49,1,51
1372,28,1,23
1373,74,1,24
1375,69,0,22
1376,18,0,41
1377,18,1,48
1378,74,1,58
1379,74,0,62
1380,44,1,46
1382,18,1,20
1383,29,0,17
1384,40,1,46
1385,22,0,46
1386,22,1,43
1387,1,1,22
1388,5,1,37
1389,43,1,72
1390,59,1,20
1391,41,0,34
1392,50,0,67
1393,50,1,65
1394,49,1,57
1395,49,0,58
1396,39,1,53
1397,66,1,78
1401,35,0,18
1402,44,0,63
1403,44,1,55
1404,11,1,31
1406,29,1,51
1407,29,0,58
1408,49,0,30
1409,25,0,48
1410,18,0,55
1411,18,1,60
1412,6,0,20
1413,11,1,30
1414,70,1,25
1416,19,0,72
1417,27,1,33
1418,41,1,25
1419,74,1,81
1420,74,0,83
1421,20,1,43
1422,69,1,23
1423,69,0,17
1424,8,0,47
1425,12,0,31
1426,12,1,35
1427,14,1,34
1428,12,0,79
1429,12,1,72
1430,64,1,17
1431,55,1,69
1432,16,1,38
1433,72,1,40
1434,72,0,32
1435,52,0,46
1438,29,1,36
1439,29,0,25
1440,1,0,21
1441,42,1,68
1442,42,0,66
1443,29,0,64
1444,29,1,57
1445,68,0,58
1446,70,0,45
1447,70,1,47
1448,50,1,42
1449,41,0,50
1450,61,1,30
1452,72,1,59
1453,29,1,33
1454,73,0,74
1455,73,1,72
1456,70,0,71
1457,70,1,65
1458,67,0,61
1459,4,0,23
1460,23,1,66
1461,28,0,30
1462,49,0,58
1463,70,1,63
1464,36,1,71
1465,36,0,68
1466,39,0,46
1467,65,0,75
1468,77,1,59
1469,54,1,33
1470,1,0,57
1471,1,1,61
1472,1,1,32
1473,1,1,68
1474,45,1,28
1475,19,0,67
1476,70,0,29
1478,4,0,30
1479,1,0,43
1480,69,0,56
1481,62,1,66
1482,46,1,49
1483,1,1,48
1484,1,0,47
1485,7,0,21
1486,7,1,25
1487,48,1,23
1488,31,0,38
1489,6,0,71
1490,42,0,71
1491,19,0,17
1492,9,1,31
1493,1,0,77
1494,1,1,84
1495,1,1,68
1496,1,1,57
1497,53,1,51
1498,53,0,58
1499,74,1,48
1500,1,0,18
1501,68,0,53
1502,68,0,26
1503,58,0,77
1504,58,1,81
1505,65,1,28
1506,22,0,68
1507,22,1,70
1508,67,1,45
1509,62,1,57
1510,34,1,51
1511,13,1,37
1512,5,1,57
1513,74,0,40
1514,68,0,42
1516,38,1,53
1517,66,0,43
1518,3,1,39
1519,3,0,40
1520,72,0,43
1521,5,0,20
1522,52,1,31
1523,29,1,68
1524,30,1,37
1525,1,0,56
1526,1,1,64
1527,49,0,65
1528,57,0,35
1529,43,1,27
1530,74,1,54
1531,52,1,39
1532,52,0,37
1533,55,0,39
1534,17,1,47
1535,40,0,63
1536,37,1,32
1537,54,0,20
1539,32,0,76
1540,36,0,62
1541,36,1,66
1542,31,0,80
1543,31,1,72
1546,28,0,69
1547,28,1,72
1548,70,0,76
1549,70,1,71
1550,8,1,53
1554,55,0,55
1555,30,0,49
1556,66,0,49
1557,35,1,40
1558,11,1,72
1559,72,0,59
1561,1,1,76
1562,1,0,80
1563,3,0,21
1564,40,1,52
1565,71,0,39
1566,15,1,33
1567,50,0,69
1568,50,1,72
1569,54,1,43
1570,54,0,41
1571,7,1,32
1572,1,1,36
1574,18,0,20
1575,55,1,76
1576,55,0,80
1577,23,0,55
1578,40,1,28
1579,27,0,36
1580,1,1,31
1581,56,1,36
1582,54,0,65
1583,1,1,27
1584,1,1,37
1585,60,0,64
1586,60,1,65
1587,23,0,71
1588,45,0,49
1589,48,1,48
1590,13,1,59
1591,42,1,46
1592,56,0,71
1593,56,1,74
1594,56,0,60
1595,56,1,45
1596,58,1,21
1597,60,0,43
1598,67,0,74
1599,43,0,35
1600,43,1,34
1601,42,1,30
1602,42,0,31
1603,26,0,31
1604,26,1,30
1605,52,1,19
1606,65,0,17
1607,8,1,58
1608,53,0,58
1609,53,1,55
1610,68,1,57
1611,59,1,36
1612,59,0,40
1613,50,0,38
1614,21,0,61
1615,74,1,47
1616,54,0,61
1617,5,1,49
1618,17,1,20
1619,74,1,57
1620,74,0,63
1621,76,1,47
1622,52,0,49
1623,36,0,36
1624,9,0,34
1625,9,1,26
1628,12,1,42
1629,28,0,33
1630,28,1,35
1631,74,0,23
1632,8,1,56
1633,55,1,27
1634,55,0,30
1635,75,1,69
1636,75,0,67
1637,21,0,56
1638,40,1,45
1639,1,1,40
1640,51,1,46
1641,31,1,76
1642,1,1,40
1643,39,1,23
1644,56,0,23
1645,39,1,38
1646,8,0,33
1647,71,1,21
1648,46,0,47
1649,46,1,49
1650,1,0,46
1651,11,1,33
1653,42,0,55
1654,60,0,36
1655,74,0,27
1656,22,1,31
1657,32,0,64
1658,52,1,70
1659,1,1,62
1660,1,1,17
1661,47,1,46
1662,53,0,32
1663,19,0,42
1664,64,1,81
1665,64,0,87
1666,1,0,58
1667,1,1,59
1668,20,1,50
1669,47,0,47
1670,53,0,38
1671,57,1,68
1672,57,0,71
1673,48,0,27
1674,11,1,79
1675,74,0,59
1676,53,0,46
1677,53,1,53
1679,67,1,57
1680,29,1,24
1681,34,0,59
1682,69,0,43
1683,15,1,48
1684,15,0,53
1685,61,1,55
1686,1,1,52
1687,1,0,52
1688,32,0,76
1689,1,0,63
1690,46,1,52
1691,21,1,21
1692,62,0,27
1693,45,1,19
1694,45,0,20
1696,1,1,76
1697,55,1,35
1698,55,0,32
1699,17,0,44
1700,7,0,50
1701,7,1,54
1702,53,1,26
1703,50,0,81
1704,50,1,85
1705,19,1,53
1706,19,0,55
1707,10,0,48
1709,74,1,47
1710,54,0,55
1711,64,1,37
1712,64,0,36
1713,65,0,64
1714,58,0,54
1717,73,1,20
1718,75,0,61
1719,35,0,29
1720,33,1,65
1721,33,0,65
1722,68,0,66
1723,71,1,18
1724,68,1,65
1725,76,1,40
1726,76,0,47
1727,32,0,48
1728,32,1,53
1729,76,0,52
1730,40,0,67
1731,17,1,31
1733,57,1,25
1734,26,0,24
1735,26,1,23
1736,41,1,20
1737,27,0,44
1738,27,1,36
1741,70,0,67
1742,1,0,45
1743,3,0,40
1744,50,1,30
1745,23,1,40
1746,11,1,40
1747,11,0,43
1748,64,0,23
1749,50,1,71
1750,23,0,35
1751,54,0,40
1752,70,0,21
1753,60,1,20
1754,57,0,20
1755,65,1,34
1756,1,0,63
1757,1,1,62
1758,35,0,52
1759,63,1,76
1760,77,0,76
1761,45,0,51
1762,61,0,43
1763,46,0,32
1764,66,0,28
1765,9,0,24
1768,29,0,48
1769,12,0,50
1770,12,1,48
1771,54,1,72
1772,73,1,20
1774,32,1,28
1775,73,0,56
1776,30,1,45
1777,69,1,36
1778,69,0,31
1779,37,0,64
1780,54,1,45
1781,67,0,75
1782,19,0,51
1783,1,1,53
1784,2,1,19
1785,39,0,24
1786,63,1,65
1787,63,0,68
1788,1,0,49
1789,61,1,66
1790,1,0,46
1791,5,1,33
1792,54,0,24
1793,41,1,54
1794,54,1,59
1795,38,1,39
1796,10,0,61
1797,10,1,58
1798,70,0,66
1799,36,0,40
1800,63,1,56
1801,66,0,30
1802,66,1,35
1803,25,1,53
1806,5,0,47
1807,47,0,64
1808,47,1,66
1809,24,0,68
1810,41,0,80
1811,1,0,60
1812,36,1,52
1813,36,0,50
1814,57,0,59
1815,16,1,22
1816,62,0,48
1817,47,1,46
1818,47,0,43
1819,43,1,20
1820,50,1,71
1821,1,0,58
1822,71,1,77
1823,1,1,21
1824,69,0,39
1825,51,1,25
1826,13,0,62
1827,13,1,58
1828,69,0,37
1829,51,1,57
1830,33,0,47
1831,51,0,23
1832,1,1,33
1833,30,0,33
1834,7,0,72
1835,7,1,71
1836,36,1,55
1837,67,0,42
1838,67,1,40
1839,5,1,63
1840,5,0,64
1841,67,1,46
1842,9,0,56
1843,48,1,60
1844,74,1,77
1845,74,0,81
1846,48,0,19
1847,52,1,20
1848,6,1,75
1849,57,1,77
1850,52,1,57
1851,31,1,24
1852,50,0,37
1853,1,0,34
1854,70,1,67
1856,54,1,31
1857,54,0,35
1860,1,1,35
1861,29,0,42
1862,50,1,22
1863,54,0,47
1864,22,0,51
1865,22,1,50
1866,64,1,57
1867,1,1,55
1868,60,0,19
1869,1,1,66
1870,1,0,64
1871,1,1,19
1872,52,1,36
1873,52,0,31
1874,1,0,53
1875,15,0,23
1876,1,0,48
1877,47,1,42
1878,47,0,36
1879,21,1,55
1880,1,0,25
1881,72,0,65
1882,72,1,67
1883,18,1,38
1884,59,1,23
1885,47,1,29
1886,34,0,79
1887,54,0,73
1888,66,1,81
1889,32,1,42
1890,14,1,44
1891,62,1,40
1892,66,0,71
1893,66,1,65
1894,1,1,52
1895,47,1,34
1896,48,0,17
1897,36,1,30
1898,73,0,38
1899,10,0,58
1900,23,0,34
1901,23,1,37
1903,1,1,60
1904,66,0,58
1905,72,1,50
1906,63,0,77
1907,75,1,71
1908,33,0,79
1909,35,1,55
1910,67,0,53
1911,48,1,61
1912,57,0,27
1913,69,0,31
1914,39,1,57
1915,39,0,60
1916,28,0,73
1917,69,1,30
1919,30,0,50
1920,42,0,24
1921,1,1,53
1922,1,0,50
1923,1,1,41
1924,67,0,61
1925,37,0,61
1926,37,1,64
1927,77,0,47
1928,77,1,47
1929,65,1,44
1930,38,1,65
1931,16,1,57
1932,15,1,59
1934,70,1,66
1935,68,1,70
1936,15,1,44
1937,15,0,39
1938,57,1,60
1939,1,0,74
1940,1,1,76
1941,10,1,78
1942,10,0,84
1943,39,0,73
1944,31,1,42
1945,54,0,45
1946,72,0,64
1947,23,0,18
1948,71,1,60
1949,71,0,57
1950,26,0,70
1951,41,0,28
1952,52,1,28
1953,52,0,34
1954,69,0,47
1955,66,1,28
1956,1,1,74
1957,63,0,27
1958,63,1,22
1959,1,0,79
1960,22,0,53
1961,31,1,79
1962,6,0,49
1963,38,0,54
1964,17,0,68
1965,75,0,60
1966,19,1,51
1967,1,1,36
1968,1,0,39
1969,53,1,73
1970,1,1,52
1971,3,1,30
1972,1,1,53
1973,60,1,68
1974,10,0,81
1975,10,1,84
1976,72,0,81
1977,10,1,64
1978,18,1,47
1979,51,1,73
1980,77,0,40
1981,19,1,29
1982,53,0,22
1983,53,1,17
1984,1,0,73
1985,6,0,62
1986,6,1,57
1988,13,0,47
1989,50,1,60
1990,50,0,56
1991,64,0,81
1993,1,0,24
1994,1,1,32
1995,50,1,58
1996,1,0,62
1997,1,1,22
1998,40,1,21
1999,74,1,17
2000,39,1,57
2001,34,1,22
2002,70,1,81
2003,70,0,78
2004,1,1,25
2005,30,0,20
2006,41,1,37
2007,41,0,41
2008,47,0,59
2009,12,0,63
2010,37,0,47
2011,46,1,74
2012,46,0,76
2013,1,1,59
2015,1,1,31
2016,55,0,65
2017,55,1,68
2018,56,1,54
2019,73,0,67
2020,73,1,74
2021,67,0,80
2022,56,0,60
2023,56,1,68
2024,62,0,65
2025,39,0,58
2026,39,1,65
2027,12,0,69
2028,12,1,75
2029,5,1,76
2030,5,1,19
2031,54,0,73
2032,1,0,56
2033,1,1,62
2034,13,0,73
2035,13,1,71
2037,69,1,51
2038,1,1,19
2039,68,1,30
2040,59,0,55
2041,68,0,43
2042,49,0,17
2043,77,1,45
2044,32,1,38
2045,28,0,43
2046,28,1,47
2047,11,1,56
2048,23,1,71
2049,70,0,72
2050,70,1,67
2051,74,1,81
2052,74,0,85
2053,16,0,81
2054,48,0,51
2055,56,1,23
2056,1,0,21
2057,6,1,23
2058,76,0,28
2059,43,0,27
2060,43,1,28
2061,63,0,46
2062,63,1,45
2063,68,1,49
2064,53,0,73
2065,64,0,21
2066,1,0,27
2067,56,0,20
2068,72,1,69
2069,70,1,77
2070,70,1,27
2071,1,0,26
2072,75,1,55
2073,22,0,43
2074,24,1,38
2075,74,0,77
2076,63,1,42
2077,44,1,69
2078,10,1,21
2079,72,1,74
2080,60,0,36
2081,46,1,27
2082,67,0,66
2083,71,0,56
2084,1,1,70
2085,1,0,71
2086,35,1,45
2087,68,0,22
2088,32,1,51
2089,70,1,32
2090,70,0,29
2091,48,1,71
2092,72,0,54
2093,48,0,29
2094,48,1,24
2095,9,0,25
2096,74,1,25
2097,53,0,63
2098,53,1,60
2099,1,0,81
2100,33,1,68
2101,33,0,64
2102,51,0,58
2103,18,1,55
2104,37,0,51
2105,42,1,52
2106,74,1,78
2107,74,0,76
2108,77,1,54
2109,15,1,49
2110,3,1,32
2111,57,1,75
2112,21,0,72
2113,68,0,62
2114,51,0,81
2115,51,1,85
2116,76,0,69
2117,53,0,54
2118,1,0,29
2119,30,1,39
2121,64,0,20
2122,1,1,29
2123,53,0,17
2124,68,1,50
2125,71,0,24
2126,52,1,24
2128,38,1,44
2129,75,0,37
2130,21,1,54
2131,39,1,24
2132,39,0,30
2133,53,1,78
2134,53,0,82
2135,24,1,59
2136,28,1,59
2137,73,1,37
2138,68,0,19
2139,18,1,67
2140,18,0,73
2141,28,0,48
2142,21,1,58
2143,21,0,51
2144,15,1,39
2145,39,1,31
2146,65,0,26
2147,69,1,36
2148,31,1,46
2149,33,1,76
2150,61,0,58
2151,61,1,54
2152,17,1,70
2153,36,1,50
2154,60,1,42
2155,15,0,41
2156,33,1,33
2157,11,0,54
2158,10,0,18
2159,74,1,69
2160,70,0,54
2161,1,1,79
2162,1,0,86
2163,52,0,81
2164,47,0,58
2165,47,1,54
2166,30,1,52
2167,1,0,18
2168,46,1,36
2169,46,0,29
2170,70,0,57
2171,1,0,41
2172,7,1,70
2173,56,1,48
2174,74,1,47
2175,53,1,57
2176,18,0,53
2177,24,1,57
2178,46,0,60
2179,9,1,60
2180,51,1,27
2181,46,0,31
2182,75,1,70
2183,75,0,68
2184,24,0,29
2185,20,1,42
2186,48,1,57
2187,40,0,66
2188,40,1,74
2189,21,1,37
2190,28,0,25
2191,28,1,20
2192,1,1,43
2193,1,0,47
2194,50,1,38
2195,68,1,57
2196,31,1,44
2197,47,1,37
2198,17,1,79
2199,17,0,88
2200,66,0,46
2201,44,0,70
2202,44,1,71
2203,10,0,60
2204,54,1,53
2205,55,0,47
2206,10,1,35
2207,70,1,38
2208,70,0,40
2209,30,1,72
2210,30,0,66
2211,3,1,79
2212,52,0,27
2213,3,0,31
2214,5,0,53
2215,10,0,74
2216,1,1,27
2217,1,0,25
2218,43,0,31
2219,43,1,35
2220,20,1,47
2221,20,0,54
2222,1,1,65
2223,70,1,56
2224,54,0,67
2225,4,1,39
2226,74,1,35
2227,42,0,24
2228,43,1,59
2229,68,0,55
2230,5,0,30
2231,21,1,28
2232,36,0,32
2233,36,1,35
2235,14,1,59
2236,44,1,21
2237,47,0,41
2238,47,1,45
2239,6,1,23
2240,47,1,67
2241,47,0,73
2242,1,1,23
2243,1,0,19
2246,55,1,46
2247,35,1,21
2248,7,0,24
2249,32,1,54
2250,34,1,61
2251,26,1,28
2252,37,0,34
2253,37,1,42
2254,72,1,72
2255,50,1,76
2256,70,0,25
2257,62,1,20
2258,62,0,20
2259,19,1,49
2260,62,1,37
2261,62,0,43
2263,1,0,65
2264,4,0,56
2265,52,0,22
2266,16,0,60
2267,1,1,33
2268,10,0,61
2269,48,1,36
2270,61,1,39
2271,61,0,35
2274,9,0,35
2275,9,1,34
2276,44,1,67
2277,1,0,20
2278,76,0,78
2279,52,0,46
2280,10,1,25
2281,76,1,21
2282,60,0,26
2283,1,0,38
2286,54,1,33
2287,47,0,20
2288,32,1,42
2289,32,0,45
2290,31,1,45
2291,6,0,42
2292,59,0,78
2293,1,0,30
2294,32,1,47
2295,22,1,60
2296,22,0,57
2297,48,0,34
2298,48,1,30
2299,6,1,59
2300,35,1,38
2301,35,0,39
2302,74,0,42
2303,61,1,60
2304,61,0,60
2305,70,1,50
2306,70,0,56
2307,26,0,76
2308,27,1,25
2309,15,1,23
2310,40,0,60
2311,40,1,64
2312,11,1,24
2313,70,0,19
2314,34,1,40
2315,34,0,36
2316,1,0,29
2317,1,0,23
2318,20,1,76
2319,40,1,29
2320,60,0,48
2321,68,1,31
2322,15,0,71
2323,48,1,57
2324,27,0,21
2325,2,1,44
2326,72,1,54
2327,73,0,80
2328,24,0,31
2329,18,0,26
2330,40,1,51
2331,42,1,42
2332,60,1,50
2333,60,0,50
2335,66,1,65
2336,12,0,77
2337,12,1,82
2338,58,1,42
2339,58,0,43
2340,42,0,46
2341,42,1,52
2342,70,0,51
2343,1,0,40
2344,3,1,75
2345,33,0,57
2346,33,1,52
2347,35,1,56
2348,35,0,66
2349,46,1,31
2350,46,0,32
2351,38,0,34
2352,70,1,22
2353,4,1,70
2354,1,0,32
2355,6,1,51
2356,52,0,69
2357,52,1,62
2358,74,1,53
2359,74,0,46
2361,9,0,31
2362,9,1,25
2363,43,0,52
2364,56,1,28
2365,46,1,46
2366,35,0,70
2367,35,1,68
2368,64,1,56
2369,64,0,59
2370,41,1,43
2371,70,1,43
2372,23,1,28
2373,15,0,45
2374,9,0,31
2375,72,1,34
2376,72,0,35
2377,49,0,49
2378,63,1,46
2379,33,1,35
2380,40,0,72
2381,40,1,68
2382,62,1,72
2383,31,1,53
2384,31,0,53
2385,13,0,66
2386,13,1,65
2387,77,1,54
2388,42,0,28
2389,25,0,75
2390,57,0,61
2391,1,0,57
2392,26,0,44
2393,16,1,23
2394,5,0,37
2395,8,0,46
2396,41,1,50
2397,46,0,81
2398,71,1,44
2399,42,1,56
2400,19,0,40
2401,26,1,51
2402,41,0,51
2403,1,1,36
2404,27,1,22
2405,27,0,24
2406,49,1,43
2407,51,0,24
2408,6,1,59
2409,54,0,35
2410,73,1,26
2411,73,0,31
2412,20,0,19
2413,46,0,38
2414,54,1,49
2415,54,0,42
2416,72,1,45
2417,48,1,61
2418,1,1,46
2419,1,1,45
2420,48,1,27
2421,48,0,29
2422,68,1,23
2423,42,0,42
2424,54,0,79
2425,6,1,22
2426,74,0,72
2427,74,1,65
2428,1,1,53
2429,70,0,26
2430,5,0,62
2431,75,0,33
2432,27,1,75
2433,32,0,35
2434,42,1,54
2435,16,1,56
2436,25,1,65
2437,45,0,63
2438,52,1,53
2439,52,0,55
2440,17,0,64
2441,1,0,71
2442,1,1,72
2443,75,0,50
2444,4,0,65
2445,54,0,30
2447,68,0,27
2448,68,1,28
2449,1,0,32
2450,54,1,24
2451,42,0,60
2452,64,1,47
2453,13,0,75
2454,69,1,59
2455,72,0,80
2456,72,1,76
2457,68,0,59
2458,68,1,67
2459,20,1,25
2460,19,1,36
2461,64,0,32
2462,19,0,65
2463,7,0,55
2464,30,0,54
2465,51,0,26
2467,36,1,53
2468,71,0,34
2469,54,1,42
2470,53,0,56
2471,53,1,57
2472,70,1,23
2473,20,1,23
2474,42,0,42
2475,44,1,17
2476,75,1,42
2477,75,0,47
2478,48,1,59
2479,31,1,40
2480,46,1,23
2481,6,0,51
2482,34,0,74
2483,34,1,70
2484,68,0,30
2485,20,0,66
2486,76,1,38
2487,67,1,32
2488,9,1,19
2489,64,1,24
2490,61,1,38
2491,5,1,60
2492,5,0,56
2493,1,0,37
2494,37,0,28
2495,58,1,60
2496,1,0,27
2497,34,1,37
2498,37,0,19
2499,13,0,55
2500,24,1,53
2501,70,1,59
2502,1,1,64
2503,54,1,22
2504,61,0,49
2505,25,1,39
2506,76,0,23
2507,37,1,47
2508,72,1,34
2509,72,0,28
2510,72,1,40
2511,35,1,24
2512,35,0,25
2513,41,0,58
2514,59,0,42
2515,12,0,41
2516,33,1,57
2517,18,0,75
2518,18,1,78
2519,29,1,29
2520,62,0,55
2521,55,1,52
2522,74,0,62
2523,74,1,62
2524,36,0,40
2525,36,1,47
2526,1,0,35
2527,44,1,52
2528,25,0,22
2529,70,0,60
2530,8,0,49
2531,5,1,45
2532,29,0,62
2533,40,1,70
2534,1,0,56
2535,1,0,54
2536,64,0,38
2537,73,0,42
2538,56,0,19
2539,32,1,27
2540,46,0,18
2542,3,0,55
2543,3,1,47
2545,9,1,46
2546,41,1,38
2547,48,1,46
2548,48,0,46
2549,70,1,76
2550,1,1,23
2551,70,1,60
2552,74,1,35
2553,34,0,23
2554,64,0,58
2555,42,0,36
2556,44,1,48
2557,7,0,42
2558,30,0,40
2559,8,1,34
2560,70,1,25
2561,48,0,54
2562,42,0,47
2563,74,0,28
2565,64,0,53
2566,29,1,36
2567,64,0,56
2568,64,1,61
2569,69,0,51
2570,69,1,52
2571,43,1,20
2572,1,0,46
2573,1,1,34
2574,29,1,67
2576,46,1,20
2577,70,0,81
2578,76,0,45
2579,11,1,64
2580,11,0,64
2581,52,1,46
2582,51,0,61
2583,75,0,62
2584,4,1,55
2585,75,1,28
2586,8,0,33
2587,8,1,26
2588,33,0,41
2589,21,0,36
2590,42,1,35
2591,42,0,39
2592,1,1,19
2593,1,0,22
2594,55,0,36
2596,31,0,38
2597,28,1,30
2598,28,0,34
2599,1,0,53
2600,7,1,76
2601,37,0,38
2602,37,1,33
2603,38,1,27
2604,22,0,73
2605,22,1,74
2606,31,0,56
2607,63,0,56
2608,58,1,56
2609,1,0,22
2610,1,1,19
2611,77,0,61
2612,38,0,24
2613,1,0,22
2614,72,0,53
2615,64,1,54
2616,50,0,29
2617,50,1,37
2618,17,0,57
2619,63,1,30
2620,63,0,31
2621,51,0,43
2622,71,0,26
2623,16,1,34
2625,57,0,27
2626,1,0,59
2628,1,1,68
2629,1,0,68
2630,64,1,62
2631,18,0,29
2632,18,1,36
2633,1,1,32
2635,67,1,33
2636,28,0,81
2637,64,0,64
2638,1,0,57
2639,45,1,49
2640,45,0,48
2642,22,0,26
2643,54,1,53
2644,6,1,35
2645,67,0,79
2646,63,1,62
2647,9,0,59
2648,9,1,65
2650,75,0,24
2651,75,1,30
2652,41,1,50
2653,1,0,49
2654,59,1,60
2655,44,0,36
2656,54,0,44
2657,73,0,51
2658,11,0,66
2659,46,0,58
2661,1,1,38
2662,1,0,21
2663,8,0,23
2666,47,1,64
2667,9,0,28
2668,9,1,24
2669,51,0,72
2670,45,0,63
2671,35,1,27
2672,7,1,59
2673,65,0,40
2674,65,1,47
2675,31,0,75
2676,61,0,38
2677,33,0,77
2678,33,1,81
2679,1,0,61
2680,1,1,54
2681,45,1,28
2682,45,0,24
2683,48,1,70
2684,74,1,46
2685,73,1,30
2686,19,1,48
2687,19,0,50
2688,60,1,32
2689,16,0,76
2690,58,1,28
2691,47,0,35
2692,44,0,74
2693,46,1,23
2694,15,1,72
2695,15,0,70
2696,2,0,52
2697,2,1,51
2698,31,1,29
2699,31,0,22
2700,34,0,54
2701,1,0,47
2702,7,0,80
2703,2,1,26
2704,1,1,50
2705,43,0,75
2706,3,0,32
2707,45,0,30
2708,73,0,41
2709,26,0,53
2712,25,0,43
2713,36,0,37
2714,6,1,29
2715,7,0,42
2716,25,1,30
2717,46,0,69
2718,46,1,67
2719,29,1,35
2720,1,1,50
2721,24,1,49
2724,35,0,24
2726,1,1,26
2727,1,0,31
2728,74,0,77
2729,1,0,33
2730,52,0,52
2731,38,0,72
2732,57,1,46
2733,3,1,72
2734,3,0,65
2735,64,0,71
2736,1,1,41
2738,1,0,48
2739,13,0,49
2740,36,1,32
2741,41,1,69
2742,65,1,51
2743,50,1,60
2744,50,0,56
2745,54,1,60
2746,1,0,28
2747,6,0,63
2748,6,1,63
2749,14,1,78
2750,14,0,86
2751,68,1,42
2752,48,0,28
2754,66,1,21
2755,1,1,29
2756,31,1,80
2758,1,0,53
2759,2,0,25
2760,68,1,24
2761,1,1,22
2762,29,1,46
2765,36,1,18
2766,70,0,40
2767,70,1,45
2768,1,0,35
2769,69,0,62
2770,1,0,45
2771,37,0,79
2772,37,1,76
2773,49,1,80
2774,49,0,78
2775,41,1,21
2776,31,1,65
2777,46,1,29
2778,57,0,35
2779,29,0,51
2780,29,1,52
2781,46,1,39
2782,31,0,59
2783,1,0,59
2784,36,1,41
2785,22,0,37
2786,24,0,48
2787,41,1,23
2788,49,1,48
2789,1,1,48
2790,16,0,24
2791,60,0,78
2794,18,0,34
2795,18,1,31
2796,15,0,25
2797,28,0,49
2798,65,0,68
2799,4,1,38
2800,2,0,50
2801,75,0,80
2802,1,1,33
2803,68,0,68
2804,68,1,63
2805,73,0,35
2806,58,1,44
2808,8,1,25
2809,33,0,20
2810,72,0,28
2811,1,1,53
2812,55,1,29
2813,70,0,58
2814,19,1,26
2815,35,0,69
2816,35,1,61
2817,1,1,22
2818,54,0,36
2819,8,0,19
2820,77,0,33
2821,45,1,19
2822,50,0,41
2823,70,1,53
2824,39,0,58
2825,65,0,41
2826,59,0,64
2827,63,0,76
2828,14,1,50
2829,33,1,60
2830,51,0,25
2831,68,1,19
2832,13,0,72
2833,13,1,76
2834,52,0,50
2835,27,0,33
2836,38,1,80
2837,38,0,72
2838,65,0,34
2839,72,1,71
2840,72,0,65
2841,18,1,26
2842,74,0,41
2843,70,1,33
2844,51,0,37
2845,7,0,47
2846,1,1,30
2847,34,1,57
2848,34,0,60
2849,19,0,71
2850,7,0,29
2851,54,0,60
2852,26,1,57
2853,28,1,43
2854,16,0,50
2855,16,1,42
2856,47,0,76
2857,33,0,72
2858,42,1,73
2859,68,1,71
2860,28,0,41
2862,49,1,35
2863,49,0,31
2864,51,1,47
2865,15,0,51
2866,15,1,50
2867,1,1,39
2868,14,0,66
2869,1,0,24
2870,29,0,40
2871,71,1,32
2872,77,1,66
2873,16,1,24
2874,34,0,27
2875,46,0,63
2876,1,0,22
2877,59,0,67
2878,68,0,52
2879,40,0,22
2880,60,0,47
2881,12,1,32
2882,70,0,68
2883,30,0,46
2884,40,1,41
2885,1,1,34
2886,1,0,41
2887,2,1,38
2888,1,1,21
2889,25,0,56
2890,62,0,48
2891,62,1,42
2892,3,1,58
2893,2,1,72
2894,70,1,51
2895,70,1,22
2896,1,1,24
2897,40,0,74
2898,40,1,79
2899,16,0,81
2900,18,0,76
2901,25,1,60
2902,8,1,40
2903,8,0,40
2904,64,1,53
2905,64,0,48
2906,5,0,65
2907,5,1,67
2908,1,0,28
2909,26,0,63
2910,76,0,63
2911,45,0,67
2912,45,1,74
2913,44,0,37
2915,33,1,45
2916,1,0,27
2917,16,0,59
2918,5,0,32
2919,5,1,29
2920,44,1,37
2921,64,1,23
2922,43,0,59
2923,35,1,22
2924,18,1,58
2925,18,0,52
2926,27,0,65
2927,27,1,70
2928,38,0,67
2929,1,0,41
2930,41,0,58
2932,1,1,59
2933,72,0,57
2934,72,1,51
2935,61,1,55
2936,3,1,54
2937,74,0,50
2938,8,1,78
2939,8,0,81
2940,1,0,34
2941,38,0,48
2942,67,1,33
2943,1,1,19
2944,71,1,56
2945,74,0,78
2946,74,1,73
2947,19,1,42
2948,47,0,21
2949,14,0,56
2950,46,0,55
2951,76,1,49
2952,52,1,21
2953,3,0,63
2954,38,1,40
2955,38,0,47
2956,23,0,60
2957,23,0,21
2958,48,0,24
2959,54,0,42
2960,1,0,71
2961,1,1,66
2962,1,0,61
2963,1,1,60
2964,8,0,21
2965,30,1,81
2966,65,0,44
2967,53,1,38
2968,40,0,37
2969,55,0,76
2970,55,1,77
2971,1,1,22
2972,1,0,23
2974,56,1,48
2975,33,1,56
2976,57,1,77
2977,39,0,36
2978,33,1,51
2979,4,1,38
2980,11,0,25
2981,16,1,50
2982,6,1,26
2983,6,0,32
2984,60,1,36
2985,60,0,39
2986,14,0,47
2987,14,1,53
2988,33,0,38
2989,17,1,50
2990,32,1,61
2991,32,0,58
2992,11,0,33
2994,18,0,36
2995,35,1,58
2996,1,0,34
2997,1,1,58
2998,1,0,38
2999,74,1,20
3000,41,1,71
3001,1,0,41
3002,42,1,44
3003,69,1,26
3004,69,0,28
3005,43,0,68
3006,22,1,26
3007,76,0,35
3008,73,0,80
3009,62,1,42
3010,62,0,39
3011,74,0,44
3012,70,1,44
3013,51,1,49
3014,51,0,46
3015,73,0,47
3016,40,0,22
3017,2,0,58
3018,61,0,21
3019,30,0,30
3020,32,1,57
3021,1,0,38
3022,1,1,45
3023,16,0,40
3024,60,0,70
3025,60,1,67
3026,22,0,52
3027,62,0,40
3028,34,1,67
3029,43,0,29
3030,68,1,23
3031,40,1,34
3032,40,0,40
3035,27,0,35
3036,16,1,58
3037,64,0,57
3038,6,1,53
3039,55,1,30
3041,4,1,72
3042,18,1,31
3043,63,1,48
3044,36,0,54
3045,10,1,49
3046,1,1,74
3047,45,0,24
3048,16,1,76
3049,6,0,32
3050,6,1,32
3051,65,0,71
3054,74,0,41
3055,51,0,68
3056,38,1,40
3057,38,0,37
3058,49,1,56
3059,61,0,22
3060,61,0,39
3061,61,1,34
3062,41,1,69
3063,27,0,28
3064,42,0,69
3065,24,1,78
3066,54,1,17
3067,57,1,47
3068,57,0,45
3069,21,0,56
3070,46,0,79
3071,38,1,32
3072,1,0,63
3073,1,1,62
3074,1,0,41
3075,74,0,58
3076,57,1,37
3077,50,1,65
3078,50,0,67
3079,67,0,56
3080,5,1,48
3081,5,0,54
3082,52,1,20
3083,41,0,28
3084,23,1,48
3085,62,1,53
3086,62,0,51
3087,46,1,40
3088,40,0,49
3089,46,0,25
3090,32,0,31
3091,15,1,33
3092,59,1,32
3093,35,0,33
3094,48,0,49
3095,36,0,46
3096,74,0,17
3097,48,0,51
3098,17,0,61
3099,17,0,34
3100,2,0,68
3101,1,0,58
3102,61,1,20
3103,64,1,26
3104,4,1,17
3105,68,0,52
3106,72,1,71
3107,30,0,39
3108,30,1,37
3109,7,1,67
3110,54,0,68
3111,54,1,75
3112,24,0,60
3113,60,1,28
3114,60,0,28
3115,72,0,38
3116,28,0,48
3117,62,1,58
3118,62,0,59
3119,50,1,63
3120,75,0,35
3121,57,1,43
3122,57,0,40
3123,1,0,20
3124,5,1,41
3125,10,1,77
3126,47,0,61
3127,1,1,79
3128,69,1,55
3129,5,1,53
3130,19,1,44
3131,1,1,64
3132,1,1,24
3133,31,1,26
3134,1,0,61
3135,48,0,30
3136,1,0,36
3137,70,0,52
3138,70,1,56
3139,46,1,43
3140,46,0,40
3141,9,1,74
3142,68,0,80
3143,21,1,55
3144,1,0,80
3145,1,1,78
3146,1,0,51
3147,19,1,35
3148,3,0,57
3149,3,1,64
3150,54,1,67
3151,1,1,48
3152,1,0,63
3153,26,0,75
3154,26,1,73
3155,44,1,26
3156,68,1,45
3157,1,1,57
3158,1,1,59
3159,24,0,69
3160,20,0,48
3161,66,0,19
3162,55,0,39
3163,1,1,35
3164,1,0,37
3165,3,1,23
3166,31,0,44
3167,48,1,56
3170,76,0,78
3171,76,1,75
3172,64,0,48
3173,66,1,53
3174,66,0,47
3175,64,1,49
3176,1,0,62
3177,24,0,61
3178,25,1,30
3179,45,1,51
3180,45,0,55
3181,27,0,56
3182,18,1,74
3183,70,0,19
3184,5,1,40
3185,17,1,27
3186,1,1,44
3187,7,0,47
3188,68,1,23
3190,1,1,79
3191,56,1,24
3192,6,0,60
3193,28,1,49
3194,51,1,24
3195,2,1,28
3196,72,1,21
3197,1,0,41
3198,1,1,46
3199,1,1,42
3200,1,0,45
3201,66,1,46
3202,56,0,77
3203,1,1,40
3204,1,0,43
3205,1,1,78
3206,1,0,78
3207,55,1,74
3208,27,0,52
3209,27,1,60
3210,14,0,36
3211,17,1,32
3213,1,0,58
3214,71,0,77
3215,64,1,63
3216,58,0,40
3217,61,0,22
3218,49,0,34
3219,49,1,40
3220,23,0,42
3221,23,1,46
3222,21,0,22
3225,13,0,42
3226,1,0,48
3227,59,1,49
3228,34,0,42
3229,50,0,20
3230,1,1,17
3231,21,0,38
3232,5,0,23
3233,1,0,19
3234,67,1,80
3235,46,1,49
3236,28,1,39
3239,7,1,18
3240,67,1,62
3241,26,0,65
3242,26,1,62
3243,71,1,79
3244,72,0,66
3245,70,0,47
3246,66,0,68
3247,69,1,41
3248,28,1,70
3249,17,0,40
3250,17,1,37
3251,52,1,37
3252,52,0,38
3253,70,0,53
3254,1,0,69
3255,8,1,29
3256,49,0,23
3257,73,1,21
3258,74,1,39
3259,71,0,49
3260,74,1,57
3261,74,0,49
3262,61,1,58
3264,63,1,49
3265,47,1,36
3266,47,0,39
3267,61,0,48
3268,1,1,43
3269,2,0,25
3270,12,0,59
3271,58,1,57
3272,9,1,79
3273,9,0,81
3274,26,0,70
3275,26,1,75
3276,52,0,19
3277,42,0,33
3278,42,1,37
3279,66,1,45
3280,66,0,41
3281,74,0,49
3282,29,0,18
3283,10,0,66
3284,2,0,63
3285,2,1,56
3286,74,1,27
3287,74,0,21
3288,69,0,73
3289,75,1,22
3290,11,1,30
3291,52,0,52
3292,18,0,59
3293,1,1,46
3294,52,0,42
3295,40,1,33
3296,23,0,30
3297,1,0,31
3298,5,1,57
3299,76,1,38
3300,53,0,49
3302,52,1,35
3303,52,0,34
3304,69,0,60
3305,41,1,28
3306,27,0,51
3307,14,1,20
3308,15,0,51
3309,15,1,57
3310,23,0,45
3311,51,0,45
3312,70,1,28
3313,60,1,53
3314,24,1,68
3315,24,0,65
3316,1,1,52
3317,1,0,49
3319,1,1,20
3320,1,0,27
3321,13,1,30
3322,31,0,51
3323,74,1,18
3324,26,1,28
3325,26,0,36
3326,57,1,47
3327,20,1,62
3328,24,0,33
3329,54,0,38
3330,54,1,44
3331,70,1,29
3332,46,1,30
3333,10,1,50
3334,1,0,32
3335,11,0,32
3336,64,1,48
3337,53,0,47
3338,69,1,57
3339,31,1,23
3340,54,0,23
3341,54,1,31
3342,73,0,26
3344,42,0,38
3345,37,1,58
3346,37,0,58
3347,11,0,63
3348,38,1,21
3349,42,0,36
3350,30,0,49
3351,30,1,57
3352,23,0,80
3353,23,1,80
3354,62,1,56
3355,38,0,46
3356,73,0,25
3357,63,1,45
3358,16,0,24
3359,1,0,54
3360,43,1,23
3361,40,1,69
3365,1,1,33
3366,54,1,40
3367,54,0,47
3368,14,1,47
3369,1,0,47
3370,25,0,80
3371,25,1,80
3372,1,0,29
3373,5,0,47
3374,5,1,39
3375,74,0,45
3376,11,1,54
3377,11,0,61
3378,5,0,42
3379,5,1,50
3380,74,1,21
3381,70,1,34
3382,54,0,45
3383,54,1,43
3384,41,1,57
3385,11,1,75
3386,49,1,59
3387,58,0,56
3388,53,1,34
3389,39,1,32
3390,53,1,27
3391,42,0,28
3392,1,1,24
3393,73,1,45
3394,66,1,19
3395,4,0,37
3396,18,1,22
3397,24,1,25
3398,24,0,30
3399,72,0,67
3402,74,1,47
3403,74,0,42
3404,56,1,59
3405,40,0,50
3406,40,1,52
3407,35,1,26
3408,35,0,26
3409,36,0,80
3410,54,0,34
3412,57,0,24
3413,57,1,30
3414,11,1,52
3415,54,1,26
3416,35,0,21
3417,35,1,14
3418,70,1,36
3420,66,0,20
3421,20,0,52
3422,1,1,48
3423,12,1,28
3424,64,0,81
3425,70,0,29
3426,73,0,21
3427,42,0,19
3428,42,1,12
3429,46,0,58
3430,3,0,48
3431,70,1,20
3432,15,0,26
3433,71,0,37
3434,71,1,43
3435,4,1,54
3436,30,0,41
3437,30,1,40
3438,43,0,57
3439,62,0,32
3440,1,1,61
3441,75,0,41
3443,1,1,65
3444,57,0,22
3445,17,1,20
3446,70,0,42
3447,54,1,50
3448,1,0,45
3449,27,0,71
3450,25,0,23
3451,19,0,25
3452,19,1,24
3453,56,0,49
3454,11,1,50
3455,11,0,42
3456,54,1,54
3457,75,1,76
3458,33,0,46
3459,14,1,35
3460,14,0,34
3461,54,0,41
3462,54,1,34
3463,1,1,20
3464,43,0,46
3465,30,0,57
3466,1,1,63
3467,1,0,60
3468,68,1,66
3469,1,1,24
3470,52,1,62
3471,1,1,47
3472,70,1,53
3473,70,0,51
3474,32,1,45
3475,19,0,42
3476,60,1,31
3477,37,0,34
3478,1,0,73
3479,1,1,66
3480,15,1,48
3481,15,0,42
3482,71,1,58
3483,70,0,59
3484,44,0,27
3485,77,0,77
3486,77,0,37
3487,1,0,40
3488,1,0,44
3489,76,0,33
3490,19,0,79
3491,19,1,77
3492,8,1,29
3493,69,1,34
3494,42,0,30
3495,64,1,58
3496,64,0,50
3497,39,1,29
3498,77,0,61
3499,19,0,30
3500,29,0,39
3501,51,0,35
3502,54,0,47
3503,54,1,46
3504,40,0,47
3505,20,0,22
3506,1,1,38
3507,32,1,53
3508,38,0,29
3509,38,1,34
3510,13,0,60
3511,74,0,36
3512,49,0,53
3513,70,0,77
3514,70,1,81
3515,61,1,24
3516,58,1,28
3517,68,1,46
3518,33,1,44
3519,74,0,50
3520,8,1,71
3521,4,0,35
3522,57,0,36
3523,6,0,35
3524,68,1,54
3525,15,0,25
3526,15,1,22
3527,77,0,21
3528,73,1,29
3529,54,0,26
3530,16,1,28
3531,43,0,79
3532,56,0,64
3533,1,1,36
3534,50,1,28
3535,37,0,26
3536,55,0,77
3537,51,0,53
3538,1,1,55
3539,36,0,79
3540,51,0,63
3541,51,1,65
3542,10,0,60
3543,10,1,58
3544,1,1,38
3545,68,0,33
3546,3,0,28
3547,1,1,75
3548,1,0,24
3549,5,1,62
3550,54,1,30
3552,44,0,59
3554,22,1,34
3555,22,0,31
3556,6,0,72
3557,6,1,71
3558,54,1,71
3559,57,1,60
3560,57,0,55
3562,1,0,68
3563,1,1,73
3564,62,0,51
3565,44,0,37
3566,65,1,67
3567,1,0,51
3568,1,0,58
3569,67,0,66
3570,15,1,54
3571,25,0,29
3572,48,1,71
3573,8,1,27
3574,19,1,53
3575,9,1,62
3576,1,1,60
3577,31,1,57
3578,72,0,72
3579,72,1,69
3580,6,1,70
3581,33,0,32
3582,38,0,44
3583,15,1,57
3584,15,0,58
3585,29,1,31
3586,60,0,56
3587,60,1,60
3588,76,1,46
3589,73,1,38
3590,23,1,23
3591,74,0,69
3592,74,1,74
3594,13,1,38
3595,28,0,35
3596,74,0,24
3597,10,1,66
3598,66,0,76
3599,66,1,68
3600,46,1,56
3601,19,0,61
3602,19,1,59
3603,42,0,45
3605,71,0,65
3606,63,0,41
3607,18,1,53
3608,66,0,52
3609,66,1,44
3610,36,0,80
3611,30,1,27
3612,19,1,37
3613,19,0,30
3614,43,1,28
3615,1,0,25
3616,77,1,35
3617,51,1,45
3618,54,0,46
3619,40,0,44
3620,21,0,62
3621,66,0,60
3622,66,1,61
3623,28,1,34
3624,1,1,17
3627,18,1,18
3628,11,1,72
3629,42,0,52
3630,64,1,76
3631,64,0,78
3632,15,1,56
3633,72,0,66
3634,1,0,76
3635,1,1,78
3636,46,0,21
3637,64,0,40
3638,49,1,56
3639,73,0,71
3640,75,0,21
3641,75,1,20
3642,19,0,38
3643,26,0,19
3644,75,0,48
3645,34,0,24
3646,33,1,56
3647,33,0,51
3648,3,0,19
3649,10,1,40
3650,64,0,81
3651,35,0,81
3652,1,0,79
3653,1,1,82
3654,25,1,75
3655,59,0,31
3656,62,1,74
3657,62,0,78
3658,58,0,75
3659,42,1,69
3660,65,0,25
3661,51,0,67
3662,27,0,68
3663,69,1,52
3664,69,0,48
3667,70,0,28
3668,70,1,27
3669,10,0,37
3670,44,1,19
3671,10,0,56
3672,10,1,51
3673,1,1,48
3674,17,1,19
3675,70,0,47
3676,10,1,34
3677,10,0,39
3678,1,1,65
3679,72,0,68
3680,72,1,76
3681,1,0,78
3682,1,1,75
3683,74,1,22
3684,16,1,38
3685,74,0,25
3686,61,1,37
3687,49,0,27
3688,49,1,24
3689,9,1,20
3690,44,0,39
3691,18,0,34
3693,15,0,77
3694,15,1,79
3695,55,0,65
3696,55,1,60
3697,9,1,45
3698,44,0,28
3699,1,0,31
3700,1,1,23
3701,73,1,45
3702,76,0,47
3703,17,0,68
3704,69,0,37
3705,1,1,34
3707,74,0,58
3708,46,1,41
3709,46,0,44
3710,59,0,71
3711,25,0,31
3712,56,1,30
3713,41,1,55
3714,8,1,46
3716,74,0,46
3717,71,0,74
3718,71,1,70
3719,54,0,69
3720,54,1,63
3721,64,1,45
3722,1,1,43
3723,18,0,31
3724,57,1,74
3727,33,0,29
3728,66,0,63
3729,66,1,58
3730,59,1,54
3732,66,0,53
3733,1,1,53
3734,15,0,56
3735,18,0,61
3736,18,1,67
3737,12,0,51
3738,1,1,21
3739,3,1,43
3740,46,0,70
3741,16,0,63
3742,56,1,38
3743,56,0,41
3745,2,1,28
3746,66,0,24
3747,1,0,35
3748,59,1,69
3749,65,1,56
3750,1,0,61
3751,33,0,33
3752,33,1,38
3753,1,1,40
3754,1,1,52
3755,37,1,48
3756,12,1,28
3757,5,0,77
3758,53,1,36
3759,53,0,38
3760,18,0,44
3761,48,0,24
3762,60,1,40
3763,38,1,22
3764,38,0,21
3765,45,1,43
3766,1,1,19
3767,14,0,63
3768,14,1,55
3769,54,0,42
3770,35,1,74
3771,48,0,57
3772,48,1,63
3773,33,1,35
3774,1,0,77
3775,46,0,71
3776,74,0,21
3777,74,1,24
3779,6,0,50
3780,37,0,22
3781,17,1,24
3782,1,0,19
3783,1,1,31
3784,1,0,25
3785,66,1,79
3786,13,0,79
3787,21,1,21
3788,56,1,44
3789,66,0,35
3790,48,0,63
3791,72,0,60
3792,74,0,27
3793,39,1,48
3794,37,1,23
3795,12,0,17
3796,3,0,46
3797,3,1,48
3798,1,1,45
3799,2,0,70
3800,38,1,45
3801,38,0,51
3802,67,0,74
3803,1,0,69
3804,1,1,66
3805,68,0,57
3806,54,1,32
3807,33,1,52
3808,57,0,56
3811,6,0,47
3812,1,0,32
3813,2,1,21
3814,1,0,54
3815,28,1,30
3816,1,0,33
3817,77,1,62
3818,71,0,57
3819,71,1,63
3821,22,0,60
3822,48,0,46
3823,63,0,43
3824,41,0,28
3825,41,1,34
3826,33,0,78
3827,33,1,76
3829,59,0,27
3830,18,1,31
3831,11,0,81
3832,11,1,74
3833,19,0,64
3834,1,1,23
3835,50,1,68
3836,77,0,51
3837,39,1,78
3838,65,0,70
3839,65,1,62
3840,50,1,66
3841,26,0,80
3842,74,0,23
3843,4,1,57
3844,71,1,36
3845,1,0,40
3846,27,1,19
3847,6,1,40
3848,45,1,61
3849,1,1,67
3850,45,1,42
3851,45,0,38
3852,10,1,47
3853,59,1,19
3854,24,0,40
3855,29,0,60
3856,1,1,55
3857,72,1,47
3858,18,1,51
3859,18,0,58
3860,74,0,61
3861,11,1,48
3862,40,1,52
3863,1,1,60
3864,1,0,68
3865,75,0,22
3866,75,1,22
3868,66,0,37
3869,17,1,53
3870,4,1,28
3871,4,0,20
3872,8,0,69
3873,23,1,39
3874,61,1,57
3875,1,1,69
3876,1,0,76
3877,38,1,43
3880,29,1,38
3881,45,1,52
3882,45,0,57
3883,18,0,34
3884,72,0,36
3885,70,1,59
3886,8,1,34
3887,67,0,79
3888,67,1,83
3890,3,0,41
3891,75,0,41
3892,1,0,20
3893,1,0,30
3894,29,0,58
3895,29,1,54
3896,5,0,76
3897,16,1,48
3898,57,1,51
3899,55,1,80
3900,55,0,56
3901,55,1,48
3902,65,1,50
3903,1,1,51
3904,29,1,60
3905,29,0,64
3906,64,0,63
3907,1,1,45
3908,73,0,70
3909,73,1,76
3910,37,1,80
3911,31,1,47
3912,1,1,54
3913,8,0,48
3914,52,1,79
3915,20,0,22
3916,47,1,29
3917,47,0,32
3918,5,0,25
3919,35,0,57
3920,44,1,74
3921,28,1,41
3922,1,1,71
3923,1,0,64
3924,56,0,28
3925,45,1,63
3926,54,0,27
3927,61,1,51
3928,77,1,71
3929,74,0,42
3930,1,0,78
3931,1,1,78
3932,59,0,60
3933,59,1,53
3934,12,0,31
3935,71,0,60
3936,36,1,37
3937,36,0,36
3938,27,0,19
3939,40,0,46
3942,53,0,47
3943,1,0,54
3944,8,0,64
3945,8,1,68
3946,1,0,24
3947,23,0,32
3948,44,1,20
3949,44,0,25
3950,38,0,75
3951,38,1,79
3952,52,1,34
3953,14,1,74
3954,64,0,42
3955,64,1,39
3956,21,1,24
3957,21,0,28
3958,37,1,53
3959,30,1,29
3960,8,0,35
3961,53,1,56
3962,74,0,47
3963,76,0,25
3964,74,0,57
3965,1,0,36
3966,1,1,30
3967,18,1,39
3968,18,0,44
3969,4,1,48
3970,46,1,19
3971,1,0,33
3972,1,0,69
3973,1,1,17
3974,68,0,61
3975,1,1,45
3976,43,0,32
3977,8,0,24
3978,18,0,29
3979,54,1,71
3980,1,0,46
3981,19,0,20
3982,45,1,80
3983,1,1,73
3984,1,1,35
3985,75,1,20
3987,67,0,39
3988,53,1,25
3989,53,0,19
3990,29,0,26
3991,11,0,32
3992,71,1,51
3993,14,1,19
3994,21,1,34
3995,1,1,51
3996,36,1,52
3997,13,1,72
3998,59,1,49
3999,30,1,23
4000,40,0,42
4001,69,0,43
4002,25,1,79
4003,8,0,50
4004,30,1,42
4006,25,1,21
4007,23,0,51
4008,23,1,48
4009,4,0,33
4010,4,1,51
4011,62,1,42
4012,56,1,43
4013,1,1,48
4014,17,0,19
4015,65,1,27
4016,13,1,28
4017,13,0,35
4018,3,1,19
4019,11,0,54
4020,45,1,46
4021,45,0,51
4022,1,0,73
4023,1,1,74
4024,3,0,35
4025,3,1,28
4026,76,1,54
4027,16,1,34
4028,16,0,29
4029,17,0,32
4030,44,1,23
4031,67,0,24
4032,35,1,35
4033,51,0,74
4034,58,0,62
4035,58,1,69
4036,25,1,23
4037,1,1,33
4040,59,1,38
4041,59,0,45
4042,1,0,60
4043,70,1,46
4044,44,1,69
4046,1,1,55
4047,1,0,62
4048,4,0,76
4049,4,0,54
4050,47,0,51
4051,74,0,50
4052,74,1,49
4053,70,1,70
4054,72,1,40
4055,74,1,46
4056,63,1,47
4057,70,1,77
4059,54,0,75
4060,44,1,45
4061,8,0,21
4062,71,0,49
4063,61,1,33
4064,61,0,27
4065,73,0,57
4066,30,1,63
4067,21,1,40
4068,11,0,75
4069,68,0,40
4070,68,1,40
4071,45,1,57
4072,45,0,58
4073,24,0,44
4074,24,1,41
4075,8,1,55
4076,49,0,30
4077,68,1,44
4078,23,0,48
4079,27,0,44
4080,21,1,56
4081,9,0,21
4082,58,1,38
4083,74,1,31
4084,55,0,42
4085,55,1,47
4086,63,1,58
4087,64,1,53
4088,68,1,51
4089,68,0,52
4090,23,0,28
4091,29,1,17
4092,14,1,66
4093,1,0,53
4094,2,0,20
4095,25,0,25
4096,25,1,19
4098,13,0,61
4099,12,1,54
4100,74,0,44
4101,1,1,29
4102,4,1,30
4103,4,0,34
4104,23,0,80
4105,16,1,19
4106,1,0,63
4107,49,0,45
4108,43,1,73
4109,63,0,46
4112,38,0,25
4113,76,1,52
4114,63,0,35
4115,33,0,56
4116,36,0,63
4117,53,1,81
4118,28,0,21
4119,62,1,37
4120,62,0,38
4121,23,0,76
4122,39,0,30
4123,39,1,33
4124,19,1,36
4125,31,1,77
4126,74,0,24
4127,74,1,29
4129,75,1,47
4131,48,0,23
4132,42,0,37
4133,42,1,34
4134,1,1,45
4136,31,0,40
4137,21,0,50
4138,11,1,31
4139,74,0,30
4140,70,0,36
4141,9,0,29
4142,36,0,39
4143,27,0,44
4144,27,1,44
4145,73,1,77
4146,9,1,44
4147,64,0,27
4148,64,1,31
4149,1,0,20
4150,1,1,22
4151,73,1,73
4152,73,0,72
4153,32,0,43
4154,32,1,46
4155,1,0,76
4156,5,1,37
4157,1,0,27
4158,35,1,79
4159,35,0,86
4160,16,1,30
4161,22,1,27
4163,4,0,48
4164,45,1,75
4165,53,0,44
4166,1,0,52
4167,6,1,50
4169,58,1,19
4170,58,0,16
4171,1,0,19
4172,1,1,54
4173,52,1,21
4174,63,0,72
4175,13,1,34
4176,32,0,77
4177,34,0,64
4178,32,0,73
4179,54,0,79
4180,63,0,67
4181,76,1,35
4182,16,0,58
4183,16,1,59
4184,8,1,24
4185,51,1,35
4186,38,0,21
4187,25,1,32
4188,1,0,23
4189,64,0,58
4190,17,0,57
4191,32,1,42
4192,72,0,68
4193,8,1,62
4194,63,1,59
4195,63,0,54
4196,55,1,48
4198,23,1,45
4199,23,0,38
4201,3,0,22
4202,3,1,29
4203,1,1,32
4204,1,0,39
4205,30,0,64
4206,22,0,57
4207,70,0,61
4209,70,1,66
4210,40,0,20
4211,22,1,26
4212,53,0,54
4213,64,1,74
4214,64,0,78
4215,49,1,47
4217,9,1,48
4218,48,1,60
4219,51,1,55
4220,33,0,36
4221,63,1,58
4222,60,0,71
4223,54,0,29
4224,42,1,22
4225,76,0,22
4226,31,0,42
4227,51,1,36
4229,36,0,38
4230,74,1,38
4231,1,1,40
4232,70,0,28
4233,46,0,61
4234,70,1,27
4235,9,1,24
4236,42,1,37
4237,16,1,76
4238,41,1,28
4239,70,0,79
4240,46,1,39
4241,20,1,49
4242,20,0,45
4243,7,0,41
4244,68,1,77
4245,68,0,80
4246,36,1,19
4247,26,1,24
4248,9,1,24
4249,52,0,22
4250,72,1,38
4251,44,0,39
4252,44,1,46
4253,16,1,63
4254,65,0,27
4255,66,1,74
4256,70,0,42
4257,1,1,31
4258,44,1,33
4259,10,1,50
4260,12,0,32
4261,34,1,75
4262,59,1,74
4263,73,1,27
4264,74,1,28
4265,59,0,21
4266,1,1,25
4267,24,1,63
4268,24,0,71
4269,45,1,44
4270,58,1,27
4271,58,0,35
4272,42,1,21
4273,18,1,23
4274,70,1,62
4275,49,1,42
4276,74,1,26
4277,74,0,20
4278,33,0,50
4279,51,0,50
4280,55,1,55
4281,54,0,68
4282,3,0,67
4283,27,0,75
4284,68,0,53
4285,68,1,54
4286,6,1,34
4287,62,1,46
4288,70,1,53
4289,66,0,18
4290,32,0,52
4291,58,1,48
4292,72,0,47
4293,4,1,40
4294,4,0,43
4295,18,0,39
4296,57,0,74
4297,57,1,71
4298,33,0,79
4299,50,1,22
4300,1,1,22
4301,14,1,43
4302,30,1,55
4303,21,1,21
4304,5,1,54
4305,40,1,60
4306,40,0,59
4307,1,0,22
4308,44,1,29
4309,39,1,20
4310,65,1,74
4311,59,0,18
4312,72,1,20
4313,53,1,31
4314,58,1,74
4315,74,1,40
4316,1,1,56
4317,53,1,21
4318,43,1,57
4319,43,0,53
4320,66,1,41
4321,19,1,26
4322,19,0,29
4323,40,0,75
4324,40,1,81
4325,55,0,52
4326,1,0,69
4327,1,1,62
4328,59,1,23
4329,64,1,52
4330,33,0,78
4331,5,0,40
4332,57,0,63
4333,1,0,41
4334,1,1,45
4335,54,1,75
4336,19,1,30
4337,48,0,33
4338,30,0,55
4339,59,1,22
4340,1,1,50
4341,76,0,35
4342,63,1,81
4343,27,1,70
4344,54,0,74
4345,18,1,25
4346,3,1,26
4347,54,1,73
4348,3,1,21
4349,1,1,40
4350,1,0,33
4352,72,0,28
4353,28,1,20
4354,28,0,13
4355,1,1,61
4358,70,0,57
4359,64,0,49
4360,19,1,34
4361,46,0,44
4362,50,0,56
4363,50,1,48
4364,22,0,22
4365,10,0,38
4367,14,0,17
4368,32,1,22
4369,53,0,34
4370,59,0,60
4371,32,0,31
4372,3,0,66
4373,51,0,48
4376,70,0,45
4377,48,0,21
4380,1,0,68
4381,56,0,40
4382,18,0,19
4383,21,0,36
4384,10,1,26
4385,21,1,27
4386,53,1,54
4387,52,0,53
4388,4,1,63
4389,10,1,73
4390,7,1,27
4393,1,1,58
4394,64,1,24
4395,36,1,41
4396,63,1,25
4397,63,0,26
4398,77,0,41
4399,61,1,32
4400,54,1,40
4401,8,0,31
4402,23,0,70
4403,36,1,61
4404,31,1,48
4405,47,1,40
4406,1,0,45
4407,70,0,24
4408,62,0,76
4409,62,1,71
4410,24,1,23
4411,54,0,49
4412,54,1,47
4413,74,0,22
4414,50,0,66
4415,4,0,22
4416,67,0,29
4417,1,0,23
4418,28,0,29
4420,55,0,42
4421,1,1,55
4422,76,1,56
4423,27,0,81
4424,21,0,66
4425,21,1,63
4426,26,1,30
4427,30,0,59
4428,38,0,45
4429,64,0,54
4430,64,1,61
4431,58,0,69
4432,1,1,35
4433,1,0,31
4434,64,0,35
4435,64,1,34
4436,27,0,79
4437,70,1,38
4438,70,0,42
4439,70,0,24
4440,33,0,51
4441,33,1,56
4442,23,1,78
4444,77,0,30
4445,77,1,35
4446,71,1,49
4447,71,0,42
4448,72,1,57
4449,8,0,50
4450,67,1,50
4451,50,1,72
4452,70,1,75
4453,61,1,23
4454,61,0,23
4455,70,0,23
4456,30,0,63
4457,1,0,56
4458,22,1,49
4459,1,1,37
4460,1,0,42
4461,54,1,42
4462,1,0,22
4463,76,0,76
4464,53,0,35
4465,74,0,62
4466,75,1,77
4467,20,1,55
4468,20,0,55
4469,8,1,26
4471,64,1,24
4472,74,0,34
4473,1,0,55
4474,3,1,35
4476,3,0,72
4477,74,0,42
4478,74,1,47
4479,2,1,41
4480,74,0,36
4481,1,0,24
4482,56,0,20
4483,63,1,33
4484,37,0,44
4485,36,0,80
4486,36,1,85
4487,22,0,25
4488,22,1,28
4489,76,0,51
4490,76,1,43
4491,2,1,22
4492,16,1,34
4493,33,0,52
4494,54,0,47
4495,66,0,20
4496,10,0,28
4497,10,1,35
4498,31,0,68
4499,31,1,70
4500,17,0,75
4501,70,1,52
4502,21,0,67
4503,21,1,71
4504,33,1,34
4505,33,0,33
4506,11,1,45
4507,1,0,29
4508,54,0,78
4509,54,1,79
4510,34,1,61
4511,51,1,54
4512,1,0,36
4514,65,0,59
4515,59,1,79
4516,1,1,38
4518,39,1,47
4519,70,1,48
4520,1,1,42
4521,1,0,56
4522,68,1,49
4523,68,0,47
4524,77,0,42
4525,77,1,35
4526,70,1,29
4527,1,1,36
4528,28,0,77
4529,37,0,23
4530,37,1,15
4531,64,1,35
4532,39,0,46
4533,64,0,19
4534,38,0,45
4535,1,1,68
4536,41,0,52
4539,55,0,57
4540,69,0,63
4541,32,1,28
4542,29,0,45
4543,1,0,58
4544,52,1,44
4545,3,1,63
4546,23,1,48
4547,9,1,56
4548,7,0,41
4549,10,1,79
4550,72,1,57
4551,60,0,75
4552,60,1,80
4553,1,1,54
4554,70,0,62
4555,52,0,39
4556,74,0,29
4557,44,1,67
4558,44,0,71
4559,35,1,41
4560,9,0,36
4561,40,1,31
4562,25,0,34
4563,10,1,28
4564,10,0,24
4565,14,0,51
4567,70,0,62
4568,70,0,17
4569,6,1,28
4570,1,1,60
4571,1,0,32
4572,28,1,63
4573,5,1,44
4574,20,1,33
4575,36,1,35
4576,53,0,41
4577,64,1,50
4578,15,0,23
4579,74,1,60
4580,30,1,55
4581,1,1,43
4582,44,0,81
4583,61,1,58
4584,7,1,50
4585,9,1,51
4586,9,0,48
4587,36,1,21
4588,53,1,23
4589,2,1,23
4590,1,0,63
4591,43,0,66
4592,1,1,44
4593,72,0,67
4594,1,0,59
4595,1,1,59
4596,74,1,26
4597,1,1,47
4598,25,1,58
4599,25,0,52
4600,70,0,32
4601,1,0,64
4602,1,1,65
4603,69,1,53
4604,67,0,31
4605,18,1,19
4606,8,0,62
4607,74,1,23
4608,41,0,54
4609,7,1,23
4610,34,1,33
4611,1,1,46
4612,44,1,39
4615,56,0,48
4617,45,0,22
4618,45,1,27
4619,77,1,58
4620,54,1,59
4621,54,0,53
4622,50,1,27
4623,68,0,32
4624,48,1,33
4625,48,0,32
4626,3,1,52
4627,1,0,57
4628,1,1,61
4629,76,0,76
4630,76,1,84
4631,8,1,66
4632,1,0,71
4633,62,1,19
4634,67,1,59
4635,67,0,63
4636,48,0,22
4637,61,0,30
4638,33,1,31
4639,20,0,19
4640,75,1,43
4641,33,0,41
4642,33,1,39
4643,1,1,30
4644,20,0,68
4647,8,0,21
4648,33,0,35
4649,45,1,71
4650,54,1,34
4651,2,0,20
4652,53,0,37
4653,4,1,53
4654,2,1,49
4655,2,0,52
4656,1,0,57
4657,15,0,58
4658,33,0,64
4659,50,1,40
4660,60,1,24
4661,1,1,55
4662,1,1,72
4663,72,0,57
4664,38,0,78
4665,9,1,73
4666,9,0,71
4667,25,0,58
4668,25,1,61
4670,51,1,31
4671,51,0,27
4672,44,0,50
4673,69,0,47
4674,59,1,21
4675,23,0,24
4677,3,1,78
4678,21,0,31
4679,20,0,51
4680,72,1,20
4681,1,1,50
4682,1,0,46
4683,51,0,43
4684,1,1,46
4685,62,0,35
4686,39,0,55
4687,16,1,52
4688,16,0,59
4689,50,0,36
4690,66,1,37
4691,66,0,35
4692,76,1,44
4693,42,0,56
4694,42,1,56
4695,52,0,74
4696,52,1,66
4697,27,1,42
4698,45,0,36
4699,13,1,36
4700,70,1,62
4701,22,0,58
4704,12,1,44
4705,1,0,44
4706,58,1,56
4707,58,0,59
4708,18,0,49
4709,54,0,21
4710,52,1,38
4711,52,0,44
4712,37,1,39
4713,13,1,81
4714,13,0,88
4715,15,1,23
4716,10,1,66
4717,32,0,55
4718,2,0,67
4719,23,0,62
4720,33,1,53
4721,65,1,43
4722,8,0,27
4723,1,1,58
4724,53,1,26
4725,34,0,54
4726,34,1,47
4727,74,1,29
4728,74,0,29
4729,18,0,54
4730,68,0,79
4731,52,1,26
4732,70,0,81
4733,1,0,44
4734,72,0,74
4735,72,1,77
4736,56,1,56
4737,24,1,18
4739,37,1,39
4740,28,0,22
4741,74,1,70
4742,61,1,50
4743,61,0,43
4744,6,0,70
4745,68,1,51
4746,39,1,58
4747,76,1,77
4748,76,0,71
4749,57,1,51
4750,70,0,37
4751,35,0,26
4752,7,0,60
4753,7,1,65
4754,27,1,60
4755,71,1,45
4756,22,1,49
4757,22,0,54
4758,50,1,26
4759,50,0,19
4760,70,0,64
4761,70,1,65
4762,76,1,28
4763,77,1,55
4764,54,0,20
4765,48,0,64
4766,22,0,32
4767,26,1,81
4768,1,1,39
4769,22,1,76
4770,22,0,75
4771,64,1,38
4772,6,1,49
4773,33,1,47
4774,59,0,48
4775,59,1,51
4776,1,0,25
4777,64,1,70
4778,64,0,77
4779,52,0,21
4780,54,1,27
4781,9,1,33
4782,25,0,33
4783,31,1,21
4784,42,1,79
4785,42,0,78
4786,54,0,61
4787,36,0,37
4788,39,1,19
4789,24,1,59
4790,75,0,53
4791,51,0,63
4792,20,1,42
4793,55,1,53
4794,20,1,54
4795,74,1,74
4796,7,0,71
4797,59,1,59
4798,37,1,37
4799,75,1,53
4800,75,0,46
4801,23,0,21
4802,75,0,28
4803,45,0,54
4804,51,1,69
4805,1,1,64
4806,19,1,55
4807,25,0,51
4808,23,1,18
4809,19,0,69
4810,19,1,64
4811,77,1,28
4812,1,0,74
4813,43,0,31
4814,54,0,37
4815,15,0,29
4816,15,1,25
4817,12,0,30
4818,1,0,67
4819,62,0,35
4820,2,1,30
4821,35,1,60
4822,35,0,54
4823,7,0,17
4824,54,0,59
4826,25,1,22
4831,27,0,41
4832,56,1,42
4833,30,1,28
4836,49,0,47
4837,56,1,32
4853,58,0,60
4861,57,1,22
4862,1,1,56
4863,1,1,25
4877,45,0,42
4882,36,0,21
4886,23,0,20
4892,26,0,30
4901,72,1,49
4904,38,1,38
4906,64,1,23
4907,64,0,25
4915,40,0,36
4916,52,0,60
4918,11,0,31
4919,49,1,48
4923,66,0,37
4925,45,0,48
4927,72,1,44
4928,9,0,23
4929,74,0,56
4930,1,0,18
4937,54,1,39
4941,60,1,20
4942,38,0,40
4944,58,0,17
4949,54,0,17
4956,6,0,53
4959,77,0,20
4961,54,0,17
4968,50,0,61
4969,64,1,31
4972,70,1,22
4974,5,1,37
4975,5,0,38
4976,36,0,18
4979,7,0,62
4989,28,0,64
4992,55,1,27
4993,1,1,26
4994,1,0,21
5002,65,1,22
5010,42,1,49
5012,27,1,27
5013,1,0,19
5016,1,1,53
5028,28,0,23
5030,1,0,19
5046,1,0,62
5050,62,0,48
5056,67,1,42
5067,21,1,24
5072,1,1,18
5081,1,1,38
5093,55,1,50
5107,50,1,52
5108,50,0,55
5111,50,0,40
5117,52,0,24
5126,43,0,34
5127,33,1,24
5128,70,0,36
5132,51,0,32
5133,66,1,40
5134,58,1,32
5137,5,0,20
5138,45,1,25
5141,54,1,46
5143,77,0,26
5144,77,1,33
5145,26,1,49
5149,15,0,37
5152,43,1,24
5159,39,0,35
5163,43,1,42
5164,9,0,28
5171,64,1,43
5175,63,1,50
5180,1,0,56
5189,74,1,38
5200,33,1,39
5201,33,0,45
5203,61,1,54
5204,47,0,36
5212,72,1,53
5213,1,0,19
5214,47,0,23
5215,47,1,26
5217,74,1,59
5223,2,1,22
5224,29,0,50
5232,74,1,51
5233,66,0,32
5236,25,0,21
5237,1,0,22
5240,74,0,59
5241,63,0,21
5243,2,0,29
5245,38,1,57
5246,70,0,17
5247,47,0,56
5249,5,1,28
5253,69,1,53
5254,69,0,51
5263,1,1,37
5273,39,0,40
5275,28,0,49
5277,44,1,31
5281,73,0,58
5283,17,0,17
5284,51,1,28
5287,77,0,28
5308,41,1,25
5312,71,0,52
5313,71,1,52
5318,74,0,31
5319,74,1,35
5320,17,1,48
5321,17,0,49
5322,73,1,43
5323,14,1,23
5325,66,1,29
5326,66,0,32
5333,39,1,32
5334,48,0,64
5337,1,0,38
5338,1,1,33
5347,41,0,50
5352,40,1,23
5353,48,1,32
5354,30,1,32
5358,54,0,57
5362,47,0,60
5364,62,0,35
5365,62,1,28
5366,60,1,28
5367,60,0,20
5374,63,0,52
5376,14,0,29
5379,60,0,21
5384,73,0,64
5385,67,0,25
5389,17,0,31
5392,16,1,44
5393,4,0,44
5395,45,0,37
5397,72,1,30
5398,72,0,32
5399,24,1,27
5402,30,1,31
5404,58,1,23
5409,15,0,51
5413,33,0,53
5420,61,0,64
5433,50,0,24
5441,18,0,42
5445,69,0,47
5450,8,0,59
5460,63,0,38
5461,9,1,31
5462,9,0,36
5468,68,1,55
5469,63,1,20
5472,53,0,43
5473,70,1,31
5478,33,0,54
5487,56,1,52
5517,57,0,35
5521,9,1,26
5526,27,0,52
5527,27,1,58
5530,12,0,46
5531,4,0,20
5539,74,0,64
5563,1,0,24
5565,3,1,33
5574,9,1,29
5579,77,0,48
5580,77,1,47
5606,4,0,19
5617,56,1,41
5618,63,1,46
5642,70,1,42
5684,8,1,44
5699,73,0,49
5701,2,1,40
5704,66,1,24
5722,64,1,40
5727,54,0,46
5736,1,0,46
5753,39,0,51
5760,66,0,51
5761,66,1,58
5774,46,1,39
5775,46,0,44
5788,72,0,37
5801,26,1,20
5826,15,0,31
5827,15,1,24
5858,52,0,47
5859,52,1,54
5860,47,0,35
5866,67,1,21
5873,5,1,20
5911,14,0,64
5928,42,1,29
5965,50,0,48
5977,43,0,20
5978,33,1,55
6001,60,0,62
6015,54,0,26
6033,1,0,33
6034,20,0,60
6039,1,1,41
6040,1,0,36
6042,53,0,36
6052,40,0,50
6067,70,1,49
6077,54,1,19
6112,43,1,41
6114,66,1,59
6115,13,1,46
6122,6,1,31
6144,54,1,43
6175,72,0,35
6178,1,1,59
6183,1,0,36
6185,58,1,51
6186,58,0,47
6191,74,0,47
6196,68,0,56
6235,5,0,59
6255,54,1,54
6256,54,0,58
6257,75,1,57
6272,1,0,57
6275,13,0,43
6299,1,0,63
6301,55,1,50
6317,77,1,42
6318,77,0,49
6342,8,0,45
6349,72,0,27
6359,64,0,23
6363,4,1,26
6366,49,0,33
6367,44,0,29
6383,15,0,29
6391,34,0,47
6408,47,0,43
6417,40,0,49
6422,28,0,39
6452,64,0,57
6468,70,0,55
6469,4,0,46
6473,76,1,59
6474,76,0,65
6478,3,0,48
6481,1,1,41
6485,48,1,37
6499,44,0,36
6501,1,0,29
6511,47,0,46
6544,66,0,25
6545,66,1,21
6546,1,1,36
6551,24,1,51
6552,71,0,44
6567,5,1,21
6571,72,1,28
6604,72,0,51
6610,57,0,45
6616,1,0,46
6619,43,1,56
6644,1,1,40
6691,43,0,57
6698,43,1,47
6729,15,0,42
6731,13,0,56
6749,9,1,56
6750,9,0,53
6753,15,0,37
6764,19,0,55
6789,57,0,20
6798,61,1,51
6803,5,1,19
6804,5,0,18
6827,59,0,30
6829,10,1,36
6844,53,1,28
6886,66,1,57
6892,1,1,48
6893,1,0,55
6895,42,0,28
6906,64,0,50
6922,14,1,60
6924,17,0,32
6936,52,1,40
6944,43,0,29
6946,74,1,29
6967,44,0,46
6978,38,0,34
6987,1,0,31
7010,70,0,32
7011,70,1,38
7043,77,0,59
7065,5,1,28
7100,30,1,38
7102,75,1,32
7112,76,0,38
7127,3,0,42
7150,45,1,36
7166,15,0,35
7186,27,1,55
7195,50,0,37
7234,28,0,34
7241,57,1,42
7286,47,1,29
7291,77,1,59
7299,1,0,61
7311,56,0,50
7324,1,1,36
7325,24,0,24
7327,49,0,40
7339,19,1,25
7348,6,1,22
7366,29,1,26
7390,1,0,62
7411,54,1,36
7412,54,0,44
7422,74,0,41
7423,74,1,35
7434,34,1,57
7435,67,1,42
7521,74,1,39
7567,5,0,62
7576,38,0,37
7586,56,1,26
7594,64,1,50
7614,64,0,22
7632,1,0,51
7672,26,0,46
7678,3,0,37
7683,12,0,53
7723,48,1,33
7724,48,0,31
7727,31,1,41
7753,70,1,21
7765,1,1,41
7772,1,1,23
7787,34,0,48
7796,50,1,24
7797,50,0,29
7800,16,1,42
7814,61,1,23
7815,4,1,53
7843,6,0,33
7855,7,1,35
7862,74,0,34
7863,72,0,40
7864,34,0,64
7914,38,1,33
7959,1,1,21
7970,74,0,32
7980,16,0,23
8013,43,0,57
8030,1,0,32
8064,54,1,33
8074,61,0,41
8076,16,1,49
8089,35,0,34
8091,5,0,28
8096,38,1,20
8105,72,0,36
8130,62,1,23
8200,1,1,55
8217,69,0,21
8276,43,1,20
8287,14,0,63
8295,15,1,48
8327,48,1,54
8333,60,0,33
8342,76,0,20
8356,3,0,30
8359,74,0,20
8362,74,1,24
8366,41,1,39
8392,36,1,33
8393,36,0,33
8432,38,1,31
8433,38,0,38
8463,75,0,52
8489,75,1,47
8502,51,0,56
8506,69,1,20
8510,55,0,52
8548,57,1,54
8568,1,1,28
8571,54,0,64
8598,46,1,42
8610,55,1,51
8611,55,0,51
8615,12,1,60
8636,71,1,58
8661,1,1,45
8666,7,1,28
8667,77,1,32
8670,5,1,56
8677,49,0,44
8678,49,1,37
8692,71,1,46
8726,10,0,46
8737,17,1,51
8738,17,0,51
8764,70,1,59
8777,11,1,46
9173,1,0,54
9174,1,1,59
9196,21,1,60
9202,68,0,37
9217,19,1,59
9226,64,1,60
9231,29,1,27
9236,31,1,43
9250,1,0,36
9273,39,1,44
9274,39,0,41
9276,4,0,53
9313,9,1,39
9316,63,1,41
9340,54,0,32
9346,43,0,27
9362,56,1,26
9366,72,0,24
9370,59,0,24
9403,16,0,25
9417,21,0,50
9418,1,0,49
9419,1,1,49
9427,62,1,29
9428,62,0,34
9433,72,1,54
9450,68,1,56
9451,68,0,57
9456,40,1,58
9457,46,0,21
9458,46,1,26
9505,1,0,41
9546,50,1,44
9555,13,1,52
9569,19,1,49
9582,2,1,57
9593,74,1,31
9606,52,0,50
9611,23,0,41
9616,74,0,37
9641,64,0,54
9642,64,1,62
9663,19,0,54
9664,19,1,55
9670,38,0,51
9675,60,1,29
9680,36,0,22
9702,33,1,48
9715,35,1,22
9717,52,1,47
9718,52,0,40
9721,34,0,45
9755,23,1,48
9760,27,0,30
9775,70,0,39
9776,70,1,38
9798,69,1,49
9820,59,1,31
9833,51,0,35
9834,51,1,39
9844,55,0,54
9845,55,1,56
9846,54,1,32
9872,9,1,32
9880,10,1,29
9914,36,0,57
9915,27,0,32
9929,47,1,32
9930,9,0,27
9933,74,0,58
9945,31,1,31
9946,31,0,39
9973,24,1,54
9987,73,1,49
9995,54,0,41
9997,67,0,37
10023,59,1,26
10040,37,1,31
10041,37,0,31
10043,45,0,34
10046,5,1,53
10066,64,1,36
10070,9,0,25
10075,48,0,35
10076,26,1,30
10077,26,0,26
10090,29,1,19
10095,1,1,23
10096,1,0,21
10145,4,1,34
10159,50,0,61
10198,31,0,23
10199,31,1,20
10200,13,1,19
10201,13,0,14
10209,59,0,24
10269,70,1,59
10273,51,1,41
10274,51,0,43
10275,77,1,29
10276,77,0,23
10282,1,0,20
10287,48,1,37
10288,48,0,40
10303,64,0,37
10350,29,1,38
10351,29,0,41
10355,14,1,23
10382,20,1,34
10389,20,1,56
10459,17,1,35
10475,51,1,51
10476,51,0,49
10479,2,1,44
10492,70,0,62
10510,23,1,54
10511,23,0,49
10517,54,1,19
10528,47,1,47
10543,14,1,54
10555,1,0,64
10563,68,0,50
10564,68,1,45
10566,74,1,57
10636,64,0,28
10639,2,0,45
10654,46,1,37
10662,60,1,50
10702,17,0,61
10703,17,1,56
10714,66,1,53
10746,53,0,28
10777,70,1,19
10778,70,0,23
10798,1,1,19
10813,1,1,20
10818,64,0,27
10828,1,1,42
10912,15,0,36
10960,28,0,57
10963,1,0,55
10987,62,1,38
10988,62,0,35
10997,1,1,27
10998,1,0,32
11004,63,0,52
11008,51,1,30
11034,1,0,27
11050,70,1,42
11063,64,1,44
11064,64,0,46
11083,61,0,46
11093,40,0,40
11105,70,1,42
11114,1,0,47
11121,72,1,28
11122,72,0,20
11123,47,0,51
11126,1,1,34
11130,1,1,38
11131,1,0,42
11136,3,1,55
11147,5,1,27
11149,43,0,34
11195,58,0,46
11208,10,1,42
11250,26,1,53
11252,32,1,34
11266,9,0,61
11267,9,1,63
11271,18,0,62
11274,64,0,30
11275,64,1,36
11286,56,1,59
11304,28,1,39
11314,45,0,63
11319,1,1,57
11327,72,0,52
11329,69,1,38
11331,70,1,55
11337,29,0,30
11359,11,0,27
11360,11,1,27
11362,51,1,33
11371,37,1,58
11372,11,0,38
11379,74,0,47
11380,74,1,48
11381,57,1,20
11405,68,1,35
11406,68,0,29
11409,32,1,19
11461,70,0,25
11491,36,1,41
11497,11,1,40
11516,59,0,61
11517,59,1,59
11545,1,1,33
11574,1,1,55
11596,70,1,59
11598,54,1,22
11609,59,0,42
11637,73,0,48
11638,73,1,45
11662,76,0,27
11676,5,1,56
11683,7,0,19
11685,64,1,34
11686,21,1,51
11687,21,0,54
11701,9,0,50
11709,1,0,38
11710,1,1,32
11713,59,1,48
11714,59,0,54
11732,19,1,42
11754,62,0,33
11755,4,1,54
11768,1,1,28
11794,31,1,29
11795,31,0,22
11804,74,0,55
11851,65,0,29
11855,11,0,42
11857,70,0,47
11860,70,1,74
11866,1,0,62
11867,1,1,65
11873,38,1,36
11874,1,0,30
11875,1,1,32
11886,61,1,58
11906,76,0,55
11907,76,1,54
11911,8,0,60
11943,1,0,38
11947,70,0,35
11976,54,1,60
11977,54,0,55
11978,54,0,28
11979,54,1,22
12003,74,0,23
12050,52,0,56
12051,52,1,63
12079,64,1,27
12092,68,0,22
12095,47,0,60
12102,21,1,31
12133,27,1,35
12144,2,0,19
12145,2,1,17
12163,1,0,45
12181,1,0,38
12220,60,1,28
12221,60,0,28
12303,24,1,25
12308,64,0,21
12324,8,0,21
12325,8,0,35
12328,1,1,55
12344,26,1,59
12358,17,0,56
12359,17,1,64
12376,4,0,40
12378,76,1,53
12382,1,0,44
12383,1,1,36
12396,62,1,29
12397,62,0,26
12416,1,0,26
12417,1,1,25
12432,55,0,34
12464,39,0,40
12468,22,0,30
12485,34,1,34
12490,34,0,19
12547,70,1,36
12561,38,0,33
12568,44,1,43
12577,62,1,49
12586,27,0,52
12599,44,0,44
12616,27,1,34
12625,54,0,41
12643,69,1,37
12662,14,0,46
12695,68,0,20
12726,8,1,54
12729,36,0,31
12730,36,1,35
12738,23,1,39
12739,23,0,41
12750,21,1,59
12754,55,0,39
12755,55,1,40
12756,22,1,50
12802,1,0,30
12810,39,0,35
12840,60,0,60
12843,66,0,46
12844,45,0,53
12850,72,0,44
12851,72,1,42
12859,1,1,23
12890,70,1,41
12908,12,0,58
12943,55,0,29
12986,40,1,26
12991,51,0,52
13044,52,0,23
13051,55,0,34
13071,41,0,43
13089,16,1,20
13090,2,1,19
13095,76,0,49
13098,1,1,21
13102,8,0,50
13113,11,0,23
13123,56,1,21
13134,1,1,37
13151,73,0,41
13171,19,1,49
13172,36,0,61
13190,71,0,43
13201,31,0,62
13231,1,0,40
13246,46,1,57
13260,72,1,22
13261,75,0,55
13262,75,1,61
13276,76,0,22
13285,34,0,64
13290,16,0,58
13291,16,1,59
13346,50,0,43
13380,65,0,57
13404,48,0,33
13405,32,0,41
13406,42,1,21
13412,1,0,45
13417,25,1,48
13447,13,1,29
13448,13,0,31
13451,44,1,44
13468,25,0,39
13469,25,1,44
13480,16,0,46
13490,18,1,30
13539,63,0,21
13548,1,0,23
13556,32,0,41
13576,72,0,25
13588,46,0,25
13590,59,0,22
13603,46,0,58
13608,37,1,36
13620,16,0,29
13640,28,1,44
13657,59,1,36
13658,59,0,42
13673,39,0,28
13687,75,0,40
13690,70,0,36
13694,1,1,23
13750,12,1,19
13751,12,0,20
13803,1,0,52
13820,33,1,51
13845,15,0,26
13852,5,0,27
13886,44,1,45
13912,50,0,24
13915,77,0,25
13921,62,1,29
13923,7,1,20
13924,54,1,47
13931,8,0,58
13955,1,1,54
13956,1,0,56
13968,61,0,31
13971,67,1,37
13998,74,1,46
