"disp_id","client_id","account_id"
1,1,1
2,2,2
4,4,3
6,6,4
7,7,5
8,8,6
9,9,7
10,10,8
12,12,9
13,13,10
14,14,11
15,15,12
17,17,13
19,19,14
20,20,15
21,21,16
22,22,17
24,24,18
25,25,19
26,26,20
27,27,21
28,28,22
29,29,23
30,30,24
31,31,25
32,32,26
33,33,27
36,36,29
38,38,30
39,39,31
40,40,32
41,41,33
42,42,34
43,43,35
44,44,36
45,45,37
46,46,38
47,47,39
48,48,40
49,49,41
50,50,42
51,51,43
52,52,44
53,53,45
55,55,47
56,56,48
58,58,49
59,59,50
60,60,51
61,61,52
62,62,53
63,63,54
64,64,55
65,65,56
66,66,57
67,67,58
68,68,59
70,70,61
72,72,62
73,73,63
75,75,64
76,76,65
77,77,66
78,78,67
79,79,68
80,80,69
81,81,70
83,83,71
85,85,72
87,87,73
89,89,75
90,90,76
91,91,77
92,92,78
93,93,79
94,94,80
96,96,81
97,97,82
98,98,83
100,100,84
101,101,85
102,102,86
105,105,88
106,106,89
107,107,90
108,108,91
110,110,93
112,112,95
114,114,96
116,116,97
118,118,98
120,120,99
121,121,100
122,122,101
123,123,102
124,124,103
125,125,104
127,127,105
128,128,106
129,129,107
130,130,108
131,131,109
132,132,110
134,134,112
136,136,113
137,137,114
138,138,115
139,139,116
141,141,117
142,142,118
143,143,119
144,144,120
145,145,121
146,146,122
147,147,123
149,149,124
150,150,125
151,151,126
152,152,127
153,153,128
154,154,129
156,156,130
157,157,131
158,158,132
160,160,133
161,161,134
162,162,135
163,163,136
164,164,137
165,165,138
167,167,139
168,168,140
169,169,141
171,171,142
173,173,143
174,174,144
175,175,145
176,176,146
178,178,148
179,179,149
180,180,150
181,181,151
183,183,152
185,185,153
186,186,154
187,187,155
188,188,156
189,189,157
190,190,158
192,192,159
193,193,160
194,194,161
195,195,162
197,197,163
198,198,164
199,199,165
201,201,166
202,202,167
203,203,168
205,205,169
206,206,170
207,207,171
208,208,172
210,210,173
212,212,174
215,215,176
216,216,177
217,217,178
218,218,179
219,219,180
221,221,181
222,222,182
223,223,183
224,224,184
225,225,185
226,226,186
227,227,187
228,228,188
229,229,189
230,230,190
231,231,191
232,232,192
233,233,193
235,235,194
236,236,195
238,238,196
239,239,197
240,240,198
241,241,199
242,242,200
243,243,201
246,246,204
247,247,205
248,248,206
250,250,207
251,251,208
252,252,209
253,253,210
254,254,211
255,255,212
256,256,213
257,257,214
259,259,215
261,261,216
262,262,217
263,263,218
264,264,219
265,265,220
266,266,221
267,267,222
268,268,223
269,269,224
270,270,225
272,272,226
273,273,227
274,274,228
275,275,229
276,276,230
278,278,231
280,280,232
282,282,234
284,284,235
285,285,236
287,287,237
288,288,238
289,289,239
290,290,240
292,292,241
293,293,242
294,294,243
295,295,244
296,296,245
297,297,246
300,300,248
301,301,249
302,302,250
303,303,251
304,304,252
305,305,253
308,308,255
309,309,256
310,310,257
311,311,258
312,312,259
313,313,260
315,315,261
316,316,262
317,317,263
318,318,264
319,319,265
321,321,266
322,322,267
324,324,268
325,325,269
326,326,270
328,328,271
329,329,272
330,330,273
331,331,274
332,332,275
333,333,276
334,334,277
335,335,278
336,336,279
338,338,280
339,339,281
341,341,282
343,343,283
344,344,284
345,345,285
347,347,286
349,349,287
350,350,288
351,351,289
352,352,290
353,353,291
354,354,292
356,356,293
358,358,294
359,359,295
360,360,296
361,361,297
362,362,298
364,364,299
365,365,300
367,367,301
369,369,302
370,370,303
371,371,304
372,372,305
373,373,306
374,374,307
375,375,308
376,376,309
378,378,311
380,380,312
381,381,313
383,383,314
385,385,315
386,386,316
387,387,317
388,388,318
389,389,319
390,390,320
391,391,321
392,392,322
394,394,323
396,396,324
397,397,325
398,398,326
399,399,327
400,400,328
402,402,329
403,403,330
405,405,331
406,406,332
407,407,333
408,408,334
409,409,335
410,410,336
411,411,337
413,413,338
414,414,339
416,416,340
418,418,341
419,419,342
420,420,343
421,421,344
422,422,345
423,423,346
424,424,347
425,425,348
426,426,349
428,428,350
429,429,351
430,430,352
431,431,353
432,432,354
433,433,355
434,434,356
435,435,357
436,436,358
437,437,359
438,438,360
439,439,361
440,440,362
441,441,363
442,442,364
444,444,365
445,445,366
447,447,367
448,448,368
450,450,370
451,451,371
452,452,372
453,453,373
454,454,374
455,455,375
456,456,376
457,457,377
458,458,378
459,459,379
461,461,381
462,462,382
463,463,383
464,464,384
465,465,385
466,466,386
468,468,387
469,469,388
470,470,389
471,471,390
472,472,391
473,473,392
474,474,393
476,476,395
478,478,396
479,479,397
481,481,398
483,483,399
484,484,400
485,485,401
486,486,402
487,487,403
489,489,404
490,490,405
491,491,406
492,492,407
493,493,408
494,494,409
495,495,410
496,496,411
497,497,412
499,499,413
500,500,414
501,501,415
502,502,416
503,503,417
504,504,418
505,505,419
506,506,420
507,507,421
508,508,422
509,509,423
510,510,424
511,511,425
512,512,426
513,513,427
515,515,428
517,517,429
518,518,430
519,519,431
520,520,432
521,521,433
522,522,434
523,523,435
524,524,436
526,526,437
528,528,438
529,529,439
530,530,440
531,531,441
533,533,442
534,534,443
535,535,444
536,536,445
537,537,446
538,538,447
540,540,449
542,542,450
543,543,451
544,544,452
545,545,453
546,546,454
547,547,455
548,548,456
550,550,458
551,551,459
552,552,460
554,554,461
556,556,462
557,557,463
558,558,464
559,559,465
560,560,466
561,561,467
562,562,468
563,563,469
565,565,470
566,566,471
568,568,472
569,569,473
570,570,474
571,571,475
573,573,476
574,574,477
575,575,478
577,577,479
578,578,480
579,579,481
581,581,483
582,582,484
583,583,485
584,584,486
585,585,487
587,587,488
588,588,489
589,589,490
590,590,491
591,591,492
592,592,493
593,593,494
596,596,496
597,597,497
598,598,498
601,601,500
603,603,501
604,604,502
605,605,503
606,606,504
607,607,505
608,608,506
609,609,507
610,610,508
611,611,509
613,613,510
614,614,511
615,615,512
616,616,513
617,617,514
618,618,515
619,619,516
621,621,517
622,622,518
623,623,519
625,625,520
626,626,521
627,627,522
629,629,523
630,630,524
631,631,525
632,632,526
635,635,528
637,637,529
638,638,530
639,639,531
640,640,532
641,641,533
643,643,534
644,644,535
645,645,536
646,646,537
648,648,538
649,649,539
651,651,540
652,652,541
653,653,542
654,654,543
655,655,544
656,656,545
657,657,546
659,659,547
660,660,548
662,662,549
663,663,550
664,664,551
665,665,552
666,666,553
667,667,554
668,668,555
669,669,556
670,670,557
671,671,558
672,672,559
673,673,560
674,674,561
675,675,562
676,676,563
677,677,564
678,678,565
679,679,566
681,681,567
682,682,568
683,683,569
684,684,570
685,685,571
686,686,572
688,688,573
689,689,574
690,690,575
692,692,576
694,694,577
695,695,578
697,697,579
698,698,580
699,699,581
700,700,582
702,702,584
703,703,585
704,704,586
705,705,587
706,706,588
707,707,589
708,708,590
709,709,591
710,710,592
711,711,593
712,712,594
713,713,595
714,714,596
715,715,597
716,716,598
717,717,599
719,719,600
720,720,601
721,721,602
722,722,603
723,723,604
724,724,605
725,725,606
726,726,607
727,727,608
729,729,609
731,731,610
733,733,611
735,735,612
737,737,613
738,738,614
739,739,615
740,740,616
741,741,617
742,742,618
743,743,619
744,744,620
745,745,621
747,747,622
748,748,623
750,750,624
751,751,625
752,752,626
754,754,627
755,755,628
756,756,629
757,757,630
758,758,631
759,759,632
760,760,633
762,762,635
763,763,636
764,764,637
765,765,638
766,766,639
768,768,640
769,769,641
772,772,643
773,773,644
774,774,645
775,775,646
776,776,647
778,778,648
779,779,649
780,780,650
781,781,651
782,782,652
783,783,653
785,785,654
786,786,655
787,787,656
788,788,657
789,789,658
790,790,659
791,791,660
793,793,662
796,796,664
797,797,665
798,798,666
803,803,669
806,806,671
807,807,672
808,808,673
809,809,674
810,810,675
812,812,676
813,813,677
814,814,678
815,815,679
816,816,680
818,818,682
819,819,683
821,821,684
822,822,685
823,823,686
824,824,687
825,825,688
826,826,689
827,827,690
829,829,691
830,830,692
831,831,693
832,832,694
833,833,695
834,834,696
835,835,697
837,837,698
839,839,699
840,840,700
841,841,701
842,842,702
843,843,703
844,844,704
846,846,705
847,847,706
849,849,708
850,850,709
851,851,710
853,853,711
854,854,712
855,855,713
856,856,714
857,857,715
858,858,716
859,859,717
861,861,718
862,862,719
863,863,720
864,864,721
866,866,722
870,870,725
871,871,726
872,872,727
873,873,728
874,874,729
876,876,730
877,877,731
879,879,732
880,880,733
881,881,734
882,882,735
883,883,736
885,885,737
886,886,738
887,887,739
888,888,740
889,889,741
890,890,742
891,891,743
892,892,744
893,893,745
894,894,746
895,895,747
896,896,748
898,898,749
900,900,750
901,901,751
902,902,752
903,903,753
904,904,754
905,905,755
906,906,756
907,907,757
908,908,758
909,909,759
910,910,760
911,911,761
912,912,762
913,913,763
914,914,764
915,915,765
916,916,766
917,917,767
918,918,768
921,921,770
922,922,771
924,924,772
925,925,773
926,926,774
927,927,775
928,928,776
929,929,777
930,930,778
931,931,779
932,932,780
933,933,781
935,935,782
937,937,783
938,938,784
939,939,785
940,940,786
941,941,787
942,942,788
944,944,789
946,946,790
948,948,791
949,949,792
950,950,793
952,952,794
953,953,795
954,954,796
955,955,797
956,956,798
957,957,799
959,959,800
960,960,801
961,961,802
962,962,803
963,963,804
964,964,805
965,965,806
967,967,807
968,968,808
970,970,809
971,971,810
973,973,811
975,975,812
976,976,813
977,977,814
978,978,815
980,980,816
981,981,817
984,984,819
986,986,820
987,987,821
988,988,822
990,990,823
991,991,824
992,992,825
993,993,826
994,994,827
996,996,828
997,997,829
999,999,830
1001,1001,831
1002,1002,832
1003,1003,833
1004,1004,834
1006,1006,836
1008,1008,837
1009,1009,838
1011,1011,839
1012,1012,840
1014,1014,841
1015,1015,842
1017,1017,843
1018,1018,844
1019,1019,845
1020,1020,846
1021,1021,847
1022,1022,848
1023,1023,849
1024,1024,850
1025,1025,851
1026,1026,852
1027,1027,853
1029,1029,854
1030,1030,855
1031,1031,856
1032,1032,857
1034,1034,858
1035,1035,859
1037,1037,860
1038,1038,861
1039,1039,862
1040,1040,863
1041,1041,864
1042,1042,865
1044,1044,866
1045,1045,867
1046,1046,868
1047,1047,869
1048,1048,870
1049,1049,871
1050,1050,872
1051,1051,873
1052,1052,874
1054,1054,875
1055,1055,876
1056,1056,877
1057,1057,878
1058,1058,879
1059,1059,880
1062,1062,882
1064,1064,883
1065,1065,884
1066,1066,885
1067,1067,886
1068,1068,887
1069,1069,888
1071,1071,889
1072,1072,890
1073,1073,891
1075,1075,892
1076,1076,893
1077,1077,894
1078,1078,895
1079,1079,896
1080,1080,897
1081,1081,898
1082,1082,899
1083,1083,900
1085,1085,901
1086,1086,902
1088,1088,903
1089,1089,904
1090,1090,905
1091,1091,906
1092,1092,907
1093,1093,908
1094,1094,909
1096,1096,910
1098,1098,911
1099,1099,912
1100,1100,913
1101,1101,914
1102,1102,915
1103,1103,916
1105,1105,917
1107,1107,918
1108,1108,919
1109,1109,920
1110,1110,921
1111,1111,922
1112,1112,923
1113,1113,924
1114,1114,925
1115,1115,926
1116,1116,927
1117,1117,928
1119,1119,929
1120,1120,930
1121,1121,931
1122,1122,932
1124,1124,933
1125,1125,934
1127,1127,935
1128,1128,936
1129,1129,937
1130,1130,938
1131,1131,939
1133,1133,940
1135,1135,941
1136,1136,942
1137,1137,943
1138,1138,944
1140,1140,945
1141,1141,946
1142,1142,947
1145,1145,949
1146,1146,950
1147,1147,951
1148,1148,952
1149,1149,953
1150,1150,954
1151,1151,955
1152,1152,956
1153,1153,957
1154,1154,958
1156,1156,959
1157,1157,960
1158,1158,961
1159,1159,962
1161,1161,963
1162,1162,964
1163,1163,965
1164,1164,966
1165,1165,967
1166,1166,968
1168,1168,969
1169,1169,970
1170,1170,971
1171,1171,972
1172,1172,973
1174,1174,974
1175,1175,975
1177,1177,976
1178,1178,977
1179,1179,978
1180,1180,979
1181,1181,980
1182,1182,981
1183,1183,982
1186,1186,984
1187,1187,985
1189,1189,986
1190,1190,987
1192,1192,988
1193,1193,989
1194,1194,990
1195,1195,991
1196,1196,992
1197,1197,993
1198,1198,994
1199,1199,995
1200,1200,996
1201,1201,997
1202,1202,998
1204,1204,1000
1206,1206,1002
1207,1207,1003
1208,1208,1004
1209,1209,1005
1210,1210,1006
1211,1211,1007
1212,1212,1008
1213,1213,1009
1214,1214,1010
1215,1215,1011
1216,1216,1012
1217,1217,1013
1218,1218,1014
1219,1219,1015
1220,1220,1016
1221,1221,1017
1222,1222,1018
1223,1223,1019
1224,1224,1020
1225,1225,1021
1226,1226,1022
1228,1228,1023
1229,1229,1024
1231,1231,1026
1233,1233,1027
1234,1234,1028
1236,1236,1029
1237,1237,1030
1238,1238,1031
1239,1239,1032
1240,1240,1033
1241,1241,1034
1242,1242,1035
1243,1243,1036
1244,1244,1037
1245,1245,1038
1246,1246,1039
1248,1248,1040
1250,1250,1042
1251,1251,1043
1253,1253,1044
1254,1254,1045
1255,1255,1046
1256,1256,1047
1257,1257,1048
1259,1259,1049
1260,1260,1050
1262,1262,1051
1264,1264,1052
1265,1265,1053
1266,1266,1054
1267,1267,1055
1269,1269,1056
1270,1270,1057
1271,1271,1058
1272,1272,1059
1273,1273,1060
1274,1274,1061
1275,1275,1062
1276,1276,1063
1277,1277,1064
1278,1278,1065
1279,1279,1066
1280,1280,1067
1282,1282,1068
1283,1283,1069
1285,1285,1070
1286,1286,1071
1287,1287,1072
1288,1288,1073
1289,1289,1074
1290,1290,1075
1291,1291,1076
1292,1292,1077
1293,1293,1078
1295,1295,1079
1296,1296,1080
1297,1297,1081
1299,1299,1082
1300,1300,1083
1303,1303,1085
1304,1304,1086
1305,1305,1087
1306,1306,1088
1307,1307,1089
1308,1308,1090
1309,1309,1091
1310,1310,1092
1311,1311,1093
1312,1312,1094
1313,1313,1095
1315,1315,1096
1316,1316,1097
1318,1318,1098
1321,1321,1100
1322,1322,1101
1323,1323,1102
1324,1324,1103
1325,1325,1104
1326,1326,1105
1327,1327,1106
1328,1328,1107
1329,1329,1108
1330,1330,1109
1331,1331,1110
1332,1332,1111
1333,1333,1112
1334,1334,1113
1335,1335,1114
1337,1337,1115
1339,1339,1116
1340,1340,1117
1341,1341,1118
1343,1343,1120
1345,1345,1121
1346,1346,1122
1347,1347,1123
1349,1349,1124
1350,1350,1125
1352,1352,1126
1353,1353,1127
1354,1354,1128
1355,1355,1129
1356,1356,1130
1359,1359,1132
1361,1361,1133
1363,1363,1134
1364,1364,1135
1366,1366,1136
1367,1367,1137
1369,1369,1138
1370,1370,1139
1371,1371,1140
1372,1372,1141
1373,1373,1142
1375,1375,1144
1376,1376,1145
1378,1378,1146
1380,1380,1147
1382,1382,1149
1383,1383,1150
1384,1384,1151
1385,1385,1152
1387,1387,1153
1388,1388,1154
1389,1389,1155
1390,1390,1156
1391,1391,1157
1392,1392,1158
1394,1394,1159
1396,1396,1160
1397,1397,1161
1401,1401,1164
1402,1402,1165
1404,1404,1166
1406,1406,1168
1408,1408,1169
1409,1409,1170
1410,1410,1171
1412,1412,1172
1413,1413,1173
1414,1414,1174
1416,1416,1176
1417,1417,1177
1418,1418,1178
1419,1419,1179
1421,1421,1180
1422,1422,1181
1424,1424,1182
1425,1425,1183
1427,1427,1184
1428,1428,1185
1430,1430,1186
1431,1431,1187
1432,1432,1188
1433,1433,1189
1435,1435,1190
1438,1438,1192
1439,1439,1193
1440,1440,1194
1441,1441,1195
1443,1443,1196
1445,1445,1197
1446,1446,1198
1448,1448,1199
1449,1449,1200
1450,1450,1201
1452,1452,1203
1453,1453,1204
1454,1454,1205
1456,1456,1206
1458,1458,1207
1459,1459,1208
1460,1460,1209
1461,1461,1210
1462,1462,1211
1463,1463,1212
1464,1464,1213
1466,1466,1214
1467,1467,1215
1468,1468,1216
1469,1469,1217
1470,1470,1218
1472,1472,1219
1473,1473,1220
1474,1474,1221
1475,1475,1222
1476,1476,1223
1478,1478,1225
1479,1479,1226
1480,1480,1227
1481,1481,1228
1482,1482,1229
1483,1483,1230
1485,1485,1231
1487,1487,1232
1488,1488,1233
1489,1489,1234
1490,1490,1235
1491,1491,1236
1492,1492,1237
1493,1493,1238
1495,1495,1239
1496,1496,1240
1497,1497,1241
1499,1499,1242
1500,1500,1243
1501,1501,1244
1502,1502,1245
1503,1503,1246
1505,1505,1247
1506,1506,1248
1508,1508,1249
1509,1509,1250
1510,1510,1251
1511,1511,1252
1512,1512,1253
1513,1513,1254
1514,1514,1255
1516,1516,1256
1517,1517,1257
1518,1518,1258
1520,1520,1259
1521,1521,1260
1522,1522,1261
1523,1523,1262
1524,1524,1263
1525,1525,1264
1527,1527,1265
1528,1528,1266
1529,1529,1267
1530,1530,1268
1531,1531,1269
1533,1533,1270
1534,1534,1271
1535,1535,1272
1536,1536,1273
1537,1537,1274
1539,1539,1275
1540,1540,1276
1542,1542,1277
1546,1546,1279
1548,1548,1280
1550,1550,1281
1554,1554,1284
1555,1555,1285
1556,1556,1286
1557,1557,1287
1558,1558,1288
1559,1559,1289
1561,1561,1291
1563,1563,1292
1564,1564,1293
1565,1565,1294
1566,1566,1295
1567,1567,1296
1569,1569,1297
1571,1571,1298
1572,1572,1299
1574,1574,1301
1575,1575,1302
1577,1577,1303
1578,1578,1304
1579,1579,1305
1580,1580,1306
1581,1581,1307
1582,1582,1308
1583,1583,1309
1584,1584,1310
1585,1585,1311
1587,1587,1312
1588,1588,1313
1589,1589,1314
1590,1590,1315
1591,1591,1316
1592,1592,1317
1594,1594,1318
1595,1595,1319
1596,1596,1320
1597,1597,1321
1598,1598,1322
1599,1599,1323
1601,1601,1324
1603,1603,1325
1605,1605,1326
1606,1606,1327
1607,1607,1328
1608,1608,1329
1610,1610,1330
1611,1611,1331
1613,1613,1332
1614,1614,1333
1615,1615,1334
1616,1616,1335
1617,1617,1336
1618,1618,1337
1619,1619,1338
1621,1621,1339
1622,1622,1340
1623,1623,1341
1624,1624,1342
1628,1628,1344
1629,1629,1345
1631,1631,1346
1632,1632,1347
1633,1633,1348
1635,1635,1349
1637,1637,1350
1638,1638,1351
1639,1639,1352
1640,1640,1353
1641,1641,1354
1642,1642,1355
1643,1643,1356
1644,1644,1357
1645,1645,1358
1646,1646,1359
1647,1647,1360
1648,1648,1361
1650,1650,1362
1651,1651,1363
1653,1653,1365
1654,1654,1366
1655,1655,1367
1656,1656,1368
1657,1657,1369
1658,1658,1370
1659,1659,1371
1660,1660,1372
1661,1661,1373
1662,1662,1374
1663,1663,1375
1664,1664,1376
1666,1666,1377
1668,1668,1378
1669,1669,1379
1670,1670,1380
1671,1671,1381
1673,1673,1382
1674,1674,1383
1675,1675,1384
1676,1676,1385
1679,1679,1387
1680,1680,1388
1681,1681,1389
1682,1682,1390
1683,1683,1391
1685,1685,1392
1686,1686,1393
1688,1688,1394
1689,1689,1395
1690,1690,1396
1691,1691,1397
1692,1692,1398
1693,1693,1399
1696,1696,1401
1697,1697,1402
1699,1699,1403
1700,1700,1404
1702,1702,1405
1703,1703,1406
1705,1705,1407
1707,1707,1408
1709,1709,1410
1710,1710,1411
1711,1711,1412
1713,1713,1413
1714,1714,1414
1717,1717,1416
1718,1718,1417
1719,1719,1418
1720,1720,1419
1722,1722,1420
1723,1723,1421
1724,1724,1422
1725,1725,1423
1727,1727,1424
1729,1729,1425
1730,1730,1426
1731,1731,1427
1733,1733,1429
1734,1734,1430
1736,1736,1431
1737,1737,1432
1741,1741,1434
1742,1742,1435
1743,1743,1436
1744,1744,1437
1745,1745,1438
1746,1746,1439
1748,1748,1440
1749,1749,1441
1750,1750,1442
1751,1751,1443
1752,1752,1444
1753,1753,1445
1754,1754,1446
1755,1755,1447
1756,1756,1448
1758,1758,1449
1759,1759,1450
1760,1760,1451
1761,1761,1452
1762,1762,1453
1763,1763,1454
1764,1764,1455
1765,1765,1456
1768,1768,1458
1769,1769,1459
1771,1771,1460
1772,1772,1461
1774,1774,1463
1775,1775,1464
1776,1776,1465
1777,1777,1466
1779,1779,1467
1780,1780,1468
1781,1781,1469
1782,1782,1470
1783,1783,1471
1784,1784,1472
1785,1785,1473
1786,1786,1474
1788,1788,1475
1789,1789,1476
1790,1790,1477
1791,1791,1478
1792,1792,1479
1793,1793,1480
1794,1794,1481
1795,1795,1482
1796,1796,1483
1798,1798,1484
1799,1799,1485
1800,1800,1486
1801,1801,1487
1803,1803,1488
1806,1806,1490
1807,1807,1491
1809,1809,1492
1810,1810,1493
1811,1811,1494
1812,1812,1495
1814,1814,1496
1815,1815,1497
1816,1816,1498
1817,1817,1499
1819,1819,1500
1820,1820,1501
1821,1821,1502
1822,1822,1503
1823,1823,1504
1824,1824,1505
1825,1825,1506
1826,1826,1507
1828,1828,1508
1829,1829,1509
1830,1830,1510
1831,1831,1511
1832,1832,1512
1833,1833,1513
1834,1834,1514
1836,1836,1515
1837,1837,1516
1839,1839,1517
1841,1841,1518
1842,1842,1519
1843,1843,1520
1844,1844,1521
1846,1846,1522
1847,1847,1523
1848,1848,1524
1849,1849,1525
1850,1850,1526
1851,1851,1527
1852,1852,1528
1853,1853,1529
1854,1854,1530
1856,1856,1532
1860,1860,1534
1861,1861,1535
1862,1862,1536
1863,1863,1537
1864,1864,1538
1866,1866,1539
1867,1867,1540
1868,1868,1541
1869,1869,1542
1871,1871,1543
1872,1872,1544
1874,1874,1545
1875,1875,1546
1876,1876,1547
1877,1877,1548
1879,1879,1549
1880,1880,1550
1881,1881,1551
1883,1883,1552
1884,1884,1553
1885,1885,1554
1886,1886,1555
1887,1887,1556
1888,1888,1557
1889,1889,1558
1890,1890,1559
1891,1891,1560
1892,1892,1561
1894,1894,1562
1895,1895,1563
1896,1896,1564
1897,1897,1565
1898,1898,1566
1899,1899,1567
1900,1900,1568
1903,1903,1570
1904,1904,1571
1905,1905,1572
1906,1906,1573
1907,1907,1574
1908,1908,1575
1909,1909,1576
1910,1910,1577
1911,1911,1578
1912,1912,1579
1913,1913,1580
1914,1914,1581
1916,1916,1582
1917,1917,1583
1919,1919,1584
1920,1920,1585
1921,1921,1586
1923,1923,1587
1924,1924,1588
1925,1925,1589
1927,1927,1590
1929,1929,1591
1930,1930,1592
1931,1931,1593
1932,1932,1594
1934,1934,1596
1935,1935,1597
1936,1936,1598
1938,1938,1599
1939,1939,1600
1941,1941,1601
1943,1943,1602
1944,1944,1603
1945,1945,1604
1946,1946,1605
1947,1947,1606
1948,1948,1607
1950,1950,1608
1951,1951,1609
1952,1952,1610
1954,1954,1611
1955,1955,1612
1956,1956,1613
1957,1957,1614
1959,1959,1615
1960,1960,1616
1961,1961,1617
1962,1962,1618
1963,1963,1619
1964,1964,1620
1965,1965,1621
1966,1966,1622
1967,1967,1623
1969,1969,1624
1970,1970,1625
1971,1971,1626
1972,1972,1627
1973,1973,1628
1974,1974,1629
1976,1976,1630
1977,1977,1631
1978,1978,1632
1979,1979,1633
1980,1980,1634
1981,1981,1635
1982,1982,1636
1984,1984,1637
1985,1985,1638
1988,1988,1640
1989,1989,1641
1991,1991,1642
1993,1993,1644
1995,1995,1645
1996,1996,1646
1997,1997,1647
1998,1998,1648
1999,1999,1649
2000,2000,1650
2001,2001,1651
2002,2002,1652
2004,2004,1653
2005,2005,1654
2006,2006,1655
2008,2008,1656
2009,2009,1657
2010,2010,1658
2011,2011,1659
2013,2013,1660
2015,2015,1662
2016,2016,1663
2018,2018,1664
2019,2019,1665
2021,2021,1666
2022,2022,1667
2024,2024,1668
2025,2025,1669
2027,2027,1670
2029,2029,1671
2030,2030,1672
2031,2031,1673
2032,2032,1674
2034,2034,1675
2037,2037,1677
2038,2038,1678
2039,2039,1679
2040,2040,1680
2041,2041,1681
2042,2042,1682
2043,2043,1683
2044,2044,1684
2045,2045,1685
2047,2047,1686
2048,2048,1687
2049,2049,1688
2051,2051,1689
2053,2053,1690
2054,2054,1691
2055,2055,1692
2056,2056,1693
2057,2057,1694
2058,2058,1695
2059,2059,1696
2061,2061,1697
2063,2063,1698
2064,2064,1699
2065,2065,1700
2066,2066,1701
2067,2067,1702
2068,2068,1703
2069,2069,1704
2070,2070,1705
2071,2071,1706
2072,2072,1707
2073,2073,1708
2074,2074,1709
2075,2075,1710
2076,2076,1711
2077,2077,1712
2078,2078,1713
2079,2079,1714
2080,2080,1715
2081,2081,1716
2082,2082,1717
2083,2083,1718
2084,2084,1719
2086,2086,1720
2087,2087,1721
2088,2088,1722
2089,2089,1723
2091,2091,1724
2092,2092,1725
2093,2093,1726
2095,2095,1727
2096,2096,1728
2097,2097,1729
2099,2099,1730
2100,2100,1731
2102,2102,1732
2103,2103,1733
2104,2104,1734
2105,2105,1735
2106,2106,1736
2108,2108,1737
2109,2109,1738
2110,2110,1739
2111,2111,1740
2112,2112,1741
2113,2113,1742
2114,2114,1743
2116,2116,1744
2117,2117,1745
2118,2118,1746
2119,2119,1747
2121,2121,1749
2122,2122,1750
2123,2123,1751
2124,2124,1752
2125,2125,1753
2126,2126,1754
2128,2128,1756
2129,2129,1757
2130,2130,1758
2131,2131,1759
2133,2133,1760
2135,2135,1761
2136,2136,1762
2137,2137,1763
2138,2138,1764
2139,2139,1765
2141,2141,1766
2142,2142,1767
2144,2144,1768
2145,2145,1769
2146,2146,1770
2147,2147,1771
2148,2148,1772
2149,2149,1773
2150,2150,1774
2152,2152,1775
2153,2153,1776
2154,2154,1777
2155,2155,1778
2156,2156,1779
2157,2157,1780
2158,2158,1781
2159,2159,1782
2160,2160,1783
2161,2161,1784
2163,2163,1785
2164,2164,1786
2166,2166,1787
2167,2167,1788
2168,2168,1789
2170,2170,1790
2171,2171,1791
2172,2172,1792
2173,2173,1793
2174,2174,1794
2175,2175,1795
2176,2176,1796
2177,2177,1797
2178,2178,1798
2179,2179,1799
2180,2180,1800
2181,2181,1801
2182,2182,1802
2184,2184,1803
2185,2185,1804
2186,2186,1805
2187,2187,1806
2189,2189,1807
2190,2190,1808
2192,2192,1809
2194,2194,1810
2195,2195,1811
2196,2196,1812
2197,2197,1813
2198,2198,1814
2200,2200,1815
2201,2201,1816
2203,2203,1817
2204,2204,1818
2205,2205,1819
2206,2206,1820
2207,2207,1821
2209,2209,1822
2211,2211,1823
2212,2212,1824
2213,2213,1825
2214,2214,1826
2215,2215,1827
2216,2216,1828
2218,2218,1829
2220,2220,1830
2222,2222,1831
2223,2223,1832
2224,2224,1833
2225,2225,1834
2226,2226,1835
2227,2227,1836
2228,2228,1837
2229,2229,1838
2230,2230,1839
2231,2231,1840
2232,2232,1841
2235,2235,1843
2236,2236,1844
2237,2237,1845
2239,2239,1846
2240,2240,1847
2242,2242,1848
2246,2246,1851
2247,2247,1852
2248,2248,1853
2249,2249,1854
2250,2250,1855
2251,2251,1856
2252,2252,1857
2254,2254,1858
2255,2255,1859
2256,2256,1860
2257,2257,1861
2259,2259,1862
2260,2260,1863
2263,2263,1865
2264,2264,1866
2265,2265,1867
2266,2266,1868
2267,2267,1869
2268,2268,1870
2269,2269,1871
2270,2270,1872
2274,2274,1874
2276,2276,1875
2277,2277,1876
2278,2278,1877
2279,2279,1878
2280,2280,1879
2281,2281,1880
2282,2282,1881
2283,2283,1882
2286,2286,1884
2287,2287,1885
2288,2288,1886
2290,2290,1887
2291,2291,1888
2292,2292,1889
2293,2293,1890
2294,2294,1891
2295,2295,1892
2297,2297,1893
2299,2299,1894
2300,2300,1895
2302,2302,1896
2303,2303,1897
2305,2305,1898
2307,2307,1899
2308,2308,1900
2309,2309,1901
2310,2310,1902
2312,2312,1903
2313,2313,1904
2314,2314,1905
2316,2316,1906
2317,2317,1907
2318,2318,1908
2319,2319,1909
2320,2320,1910
2321,2321,1911
2322,2322,1912
2323,2323,1913
2324,2324,1914
2325,2325,1915
2326,2326,1916
2327,2327,1917
2328,2328,1918
2329,2329,1919
2330,2330,1920
2331,2331,1921
2332,2332,1922
2335,2335,1924
2336,2336,1925
2338,2338,1926
2340,2340,1927
2342,2342,1928
2343,2343,1929
2344,2344,1930
2345,2345,1931
2347,2347,1932
2348,2348,1933
2349,2349,1934
2351,2351,1935
2352,2352,1936
2353,2353,1937
2354,2354,1938
2355,2355,1939
2356,2356,1940
2358,2358,1941
2361,2361,1943
2363,2363,1944
2364,2364,1945
2365,2365,1946
2366,2366,1947
2368,2368,1948
2370,2370,1949
2371,2371,1950
2372,2372,1951
2373,2373,1952
2374,2374,1953
2375,2375,1954
2377,2377,1955
2378,2378,1956
2379,2379,1957
2380,2380,1958
2382,2382,1959
2383,2383,1960
2385,2385,1961
2387,2387,1962
2388,2388,1963
2389,2389,1964
2390,2390,1965
2391,2391,1966
2392,2392,1967
2393,2393,1968
2394,2394,1969
2395,2395,1970
2396,2396,1971
2397,2397,1972
2398,2398,1973
2399,2399,1974
2400,2400,1975
2401,2401,1976
2402,2402,1977
2403,2403,1978
2404,2404,1979
2406,2406,1980
2407,2407,1981
2408,2408,1982
2409,2409,1983
2410,2410,1984
2412,2412,1985
2413,2413,1986
2414,2414,1987
2416,2416,1988
2417,2417,1989
2418,2418,1990
2419,2419,1991
2420,2420,1992
2422,2422,1993
2423,2423,1994
2424,2424,1995
2425,2425,1996
2426,2426,1997
2428,2428,1998
2429,2429,1999
2430,2430,2000
2431,2431,2001
2432,2432,2002
2433,2433,2003
2434,2434,2004
2435,2435,2005
2436,2436,2006
2437,2437,2007
2438,2438,2008
2440,2440,2009
2441,2441,2010
2443,2443,2011
2444,2444,2012
2445,2445,2013
2447,2447,2015
2449,2449,2016
2450,2450,2017
2451,2451,2018
2452,2452,2019
2453,2453,2020
2454,2454,2021
2455,2455,2022
2457,2457,2023
2459,2459,2024
2460,2460,2025
2461,2461,2026
2462,2462,2027
2463,2463,2028
2464,2464,2029
2465,2465,2030
2467,2467,2032
2468,2468,2033
2469,2469,2034
2470,2470,2035
2472,2472,2036
2473,2473,2037
2474,2474,2038
2475,2475,2039
2476,2476,2040
2478,2478,2041
2479,2479,2042
2480,2480,2043
2481,2481,2044
2482,2482,2045
2484,2484,2046
2485,2485,2047
2486,2486,2048
2487,2487,2049
2488,2488,2050
2489,2489,2051
2490,2490,2052
2491,2491,2053
2493,2493,2054
2494,2494,2055
2495,2495,2056
2496,2496,2057
2497,2497,2058
2498,2498,2059
2499,2499,2060
2500,2500,2061
2501,2501,2062
2502,2502,2063
2503,2503,2064
2504,2504,2065
2505,2505,2066
2506,2506,2067
2507,2507,2068
2508,2508,2069
2510,2510,2070
2511,2511,2071
2513,2513,2072
2514,2514,2073
2515,2515,2074
2516,2516,2075
2517,2517,2076
2519,2519,2077
2520,2520,2078
2521,2521,2079
2522,2522,2080
2524,2524,2081
2525,2525,2082
2526,2526,2083
2527,2527,2084
2528,2528,2085
2529,2529,2086
2530,2530,2087
2531,2531,2088
2532,2532,2089
2533,2533,2090
2534,2534,2091
2535,2535,2092
2536,2536,2093
2537,2537,2094
2538,2538,2095
2539,2539,2096
2540,2540,2097
2542,2542,2099
2545,2545,2101
2546,2546,2102
2547,2547,2103
2548,2548,2104
2549,2549,2105
2550,2550,2106
2551,2551,2107
2552,2552,2108
2553,2553,2109
2554,2554,2110
2555,2555,2111
2556,2556,2112
2557,2557,2113
2558,2558,2114
2559,2559,2115
2560,2560,2116
2561,2561,2117
2562,2562,2118
2563,2563,2119
2565,2565,2121
2566,2566,2122
2567,2567,2123
2569,2569,2124
2571,2571,2125
2572,2572,2126
2573,2573,2127
2574,2574,2128
2576,2576,2130
2577,2577,2131
2578,2578,2132
2579,2579,2133
2581,2581,2134
2582,2582,2135
2583,2583,2136
2584,2584,2137
2585,2585,2138
2586,2586,2139
2588,2588,2140
2589,2589,2141
2590,2590,2142
2592,2592,2143
2594,2594,2144
2596,2596,2146
2597,2597,2147
2599,2599,2148
2600,2600,2149
2601,2601,2150
2603,2603,2151
2604,2604,2152
2606,2606,2153
2607,2607,2154
2608,2608,2155
2609,2609,2156
2611,2611,2157
2612,2612,2158
2613,2613,2159
2614,2614,2160
2615,2615,2161
2616,2616,2162
2618,2618,2163
2619,2619,2164
2621,2621,2165
2622,2622,2166
2623,2623,2167
2625,2625,2169
2626,2626,2170
2628,2628,2172
2630,2630,2173
2631,2631,2174
2633,2633,2175
2635,2635,2176
2636,2636,2177
2637,2637,2178
2638,2638,2179
2639,2639,2180
2642,2642,2182
2643,2643,2183
2644,2644,2184
2645,2645,2185
2646,2646,2186
2647,2647,2187
2650,2650,2189
2652,2652,2190
2653,2653,2191
2654,2654,2192
2655,2655,2193
2656,2656,2194
2657,2657,2195
2658,2658,2196
2659,2659,2197
2661,2661,2199
2662,2662,2200
2663,2663,2201
2666,2666,2203
2667,2667,2204
2669,2669,2205
2670,2670,2206
2671,2671,2207
2672,2672,2208
2673,2673,2209
2675,2675,2210
2676,2676,2211
2677,2677,2212
2679,2679,2213
2681,2681,2214
2683,2683,2215
2684,2684,2216
2685,2685,2217
2686,2686,2218
2688,2688,2219
2689,2689,2220
2690,2690,2221
2691,2691,2222
2692,2692,2223
2693,2693,2224
2694,2694,2225
2696,2696,2226
2698,2698,2227
2700,2700,2228
2701,2701,2229
2702,2702,2230
2703,2703,2231
2704,2704,2232
2705,2705,2233
2706,2706,2234
2707,2707,2235
2708,2708,2236
2709,2709,2237
2712,2712,2239
2713,2713,2240
2714,2714,2241
2715,2715,2242
2716,2716,2243
2717,2717,2244
2719,2719,2245
2720,2720,2246
2721,2721,2247
2724,2724,2250
2726,2726,2252
2728,2728,2253
2729,2729,2254
2730,2730,2255
2731,2731,2256
2732,2732,2257
2733,2733,2258
2735,2735,2259
2736,2736,2260
2738,2738,2261
2739,2739,2262
2740,2740,2263
2741,2741,2264
2742,2742,2265
2743,2743,2266
2745,2745,2267
2746,2746,2268
2747,2747,2269
2749,2749,2270
2751,2751,2271
2752,2752,2272
2754,2754,2274
2755,2755,2275
2756,2756,2276
2758,2758,2278
2759,2759,2279
2760,2760,2280
2761,2761,2281
2762,2762,2282
2765,2765,2285
2766,2766,2286
2768,2768,2287
2769,2769,2288
2770,2770,2289
2771,2771,2290
2773,2773,2291
2775,2775,2292
2776,2776,2293
2777,2777,2294
2778,2778,2295
2779,2779,2296
2781,2781,2297
2782,2782,2298
2783,2783,2299
2784,2784,2300
2785,2785,2301
2786,2786,2302
2787,2787,2303
2788,2788,2304
2789,2789,2305
2790,2790,2306
2791,2791,2307
2794,2794,2309
2796,2796,2310
2797,2797,2311
2798,2798,2312
2799,2799,2313
2800,2800,2314
2801,2801,2315
2802,2802,2316
2803,2803,2317
2805,2805,2318
2806,2806,2319
2808,2808,2321
2809,2809,2322
2810,2810,2323
2811,2811,2324
2812,2812,2325
2813,2813,2326
2814,2814,2327
2815,2815,2328
2817,2817,2329
2818,2818,2330
2819,2819,2331
2820,2820,2332
2821,2821,2333
2822,2822,2334
2823,2823,2335
2824,2824,2336
2825,2825,2337
2826,2826,2338
2827,2827,2339
2828,2828,2340
2829,2829,2341
2830,2830,2342
2831,2831,2343
2832,2832,2344
2834,2834,2345
2835,2835,2346
2836,2836,2347
2838,2838,2348
2839,2839,2349
2841,2841,2350
2842,2842,2351
2843,2843,2352
2844,2844,2353
2845,2845,2354
2846,2846,2355
2847,2847,2356
2849,2849,2357
2850,2850,2358
2851,2851,2359
2852,2852,2360
2853,2853,2361
2854,2854,2362
2856,2856,2363
2857,2857,2364
2858,2858,2365
2859,2859,2366
2860,2860,2367
2862,2862,2369
2864,2864,2370
2865,2865,2371
2867,2867,2372
2868,2868,2373
2869,2869,2374
2870,2870,2375
2871,2871,2376
2872,2872,2377
2873,2873,2378
2874,2874,2379
2875,2875,2380
2876,2876,2381
2877,2877,2382
2878,2878,2383
2879,2879,2384
2880,2880,2385
2881,2881,2386
2882,2882,2387
2883,2883,2388
2884,2884,2389
2885,2885,2390
2887,2887,2391
2888,2888,2392
2889,2889,2393
2890,2890,2394
2892,2892,2395
2893,2893,2396
2894,2894,2397
2895,2895,2398
2896,2896,2399
2897,2897,2400
2899,2899,2401
2900,2900,2402
2901,2901,2403
2902,2902,2404
2904,2904,2405
2906,2906,2406
2908,2908,2407
2909,2909,2408
2910,2910,2409
2911,2911,2410
2913,2913,2411
2915,2915,2413
2916,2916,2414
2917,2917,2415
2918,2918,2416
2920,2920,2417
2921,2921,2418
2922,2922,2419
2923,2923,2420
2924,2924,2421
2926,2926,2422
2928,2928,2423
2929,2929,2424
2930,2930,2425
2932,2932,2427
2933,2933,2428
2935,2935,2429
2936,2936,2430
2937,2937,2431
2938,2938,2432
2939,2939,2433
2940,2940,2434
2941,2941,2435
2942,2942,2436
2943,2943,2437
2944,2944,2438
2945,2945,2439
2947,2947,2440
2948,2948,2441
2949,2949,2442
2950,2950,2443
2951,2951,2444
2952,2952,2445
2953,2953,2446
2954,2954,2447
2956,2956,2448
2957,2957,2449
2958,2958,2450
2959,2959,2451
2960,2960,2452
2962,2962,2453
2964,2964,2454
2965,2965,2455
2966,2966,2456
2967,2967,2457
2968,2968,2458
2969,2969,2459
2971,2971,2460
2972,2972,2461
2974,2974,2463
2975,2975,2464
2976,2976,2465
2977,2977,2466
2978,2978,2467
2979,2979,2468
2980,2980,2469
2981,2981,2470
2982,2982,2471
2984,2984,2472
2986,2986,2473
2988,2988,2474
2989,2989,2475
2990,2990,2476
2992,2992,2477
2994,2994,2479
2995,2995,2480
2996,2996,2481
2997,2997,2482
2998,2998,2483
2999,2999,2484
3000,3000,2485
3001,3001,2486
3002,3002,2487
3003,3003,2488
3005,3005,2489
3006,3006,2490
3007,3007,2491
3008,3008,2492
3009,3009,2493
3011,3011,2494
3012,3012,2495
3013,3013,2496
3015,3015,2497
3016,3016,2498
3017,3017,2499
3018,3018,2500
3019,3019,2501
3020,3020,2502
3021,3021,2503
3023,3023,2504
3024,3024,2505
3026,3026,2506
3027,3027,2507
3028,3028,2508
3029,3029,2509
3030,3030,2510
3031,3031,2511
3035,3035,2513
3036,3036,2514
3037,3037,2515
3038,3038,2516
3039,3039,2517
3041,3041,2519
3042,3042,2520
3043,3043,2521
3044,3044,2522
3045,3045,2523
3046,3046,2524
3047,3047,2525
3048,3048,2526
3049,3049,2527
3051,3051,2528
3054,3054,2530
3055,3055,2531
3056,3056,2532
3058,3058,2533
3059,3059,2534
3060,3060,2535
3062,3062,2536
3063,3063,2537
3064,3064,2538
3065,3065,2539
3066,3066,2540
3067,3067,2541
3069,3069,2542
3070,3070,2543
3071,3071,2544
3072,3072,2545
3074,3074,2546
3075,3075,2547
3076,3076,2548
3077,3077,2549
3079,3079,2550
3080,3080,2551
3082,3082,2552
3083,3083,2553
3084,3084,2554
3085,3085,2555
3087,3087,2556
3088,3088,2557
3089,3089,2558
3090,3090,2559
3091,3091,2560
3092,3092,2561
3093,3093,2562
3094,3094,2563
3095,3095,2564
3096,3096,2565
3097,3097,2566
3098,3098,2567
3099,3099,2568
3100,3100,2569
3101,3101,2570
3102,3102,2571
3103,3103,2572
3104,3104,2573
3105,3105,2574
3106,3106,2575
3107,3107,2576
3109,3109,2577
3110,3110,2578
3112,3112,2579
3113,3113,2580
3115,3115,2581
3116,3116,2582
3117,3117,2583
3119,3119,2584
3120,3120,2585
3121,3121,2586
3123,3123,2587
3124,3124,2588
3125,3125,2589
3126,3126,2590
3127,3127,2591
3128,3128,2592
3129,3129,2593
3130,3130,2594
3131,3131,2595
3132,3132,2596
3133,3133,2597
3134,3134,2598
3135,3135,2599
3136,3136,2600
3137,3137,2601
3139,3139,2602
3141,3141,2603
3142,3142,2604
3143,3143,2605
3144,3144,2606
3146,3146,2607
3147,3147,2608
3148,3148,2609
3150,3150,2610
3151,3151,2611
3152,3152,2612
3153,3153,2613
3155,3155,2614
3156,3156,2615
3157,3157,2616
3158,3158,2617
3159,3159,2618
3160,3160,2619
3161,3161,2620
3162,3162,2621
3163,3163,2622
3165,3165,2623
3166,3166,2624
3167,3167,2625
3170,3170,2627
3172,3172,2628
3173,3173,2629
3175,3175,2630
3176,3176,2631
3177,3177,2632
3178,3178,2633
3179,3179,2634
3181,3181,2635
3182,3182,2636
3183,3183,2637
3184,3184,2638
3185,3185,2639
3186,3186,2640
3187,3187,2641
3188,3188,2642
3190,3190,2644
3191,3191,2645
3192,3192,2646
3193,3193,2647
3194,3194,2648
3195,3195,2649
3196,3196,2650
3197,3197,2651
3199,3199,2652
3201,3201,2653
3202,3202,2654
3203,3203,2655
3205,3205,2656
3207,3207,2657
3208,3208,2658
3210,3210,2659
3211,3211,2660
3213,3213,2661
3214,3214,2662
3215,3215,2663
3216,3216,2664
3217,3217,2665
3218,3218,2666
3220,3220,2667
3222,3222,2668
3225,3225,2670
3226,3226,2671
3227,3227,2672
3228,3228,2673
3229,3229,2674
3230,3230,2675
3231,3231,2676
3232,3232,2677
3233,3233,2678
3234,3234,2679
3235,3235,2680
3236,3236,2681
3239,3239,2684
3240,3240,2685
3241,3241,2686
3243,3243,2687
3244,3244,2688
3245,3245,2689
3246,3246,2690
3247,3247,2691
3248,3248,2692
3249,3249,2693
3251,3251,2694
3253,3253,2695
3254,3254,2696
3255,3255,2697
3256,3256,2698
3257,3257,2699
3258,3258,2700
3259,3259,2701
3260,3260,2702
3262,3262,2703
3264,3264,2705
3265,3265,2706
3267,3267,2707
3268,3268,2708
3269,3269,2709
3270,3270,2710
3271,3271,2711
3272,3272,2712
3274,3274,2713
3276,3276,2714
3277,3277,2715
3279,3279,2716
3281,3281,2717
3282,3282,2718
3283,3283,2719
3284,3284,2720
3286,3286,2721
3288,3288,2722
3289,3289,2723
3290,3290,2724
3291,3291,2725
3292,3292,2726
3293,3293,2727
3294,3294,2728
3295,3295,2729
3296,3296,2730
3297,3297,2731
3298,3298,2732
3299,3299,2733
3300,3300,2734
3302,3302,2736
3304,3304,2737
3305,3305,2738
3306,3306,2739
3307,3307,2740
3308,3308,2741
3310,3310,2742
3311,3311,2743
3312,3312,2744
3313,3313,2745
3314,3314,2746
3316,3316,2747
3319,3319,2749
3321,3321,2750
3322,3322,2751
3323,3323,2752
3324,3324,2753
3326,3326,2754
3327,3327,2755
3328,3328,2756
3329,3329,2757
3331,3331,2758
3332,3332,2759
3333,3333,2760
3334,3334,2761
3335,3335,2762
3336,3336,2763
3337,3337,2764
3338,3338,2765
3339,3339,2766
3340,3340,2767
3342,3342,2768
3344,3344,2770
3345,3345,2771
3347,3347,2772
3348,3348,2773
3349,3349,2774
3350,3350,2775
3352,3352,2776
3354,3354,2777
3355,3355,2778
3356,3356,2779
3357,3357,2780
3358,3358,2781
3359,3359,2782
3360,3360,2783
3361,3361,2784
3365,3365,2787
3366,3366,2788
3368,3368,2789
3369,3369,2790
3370,3370,2791
3372,3372,2792
3373,3373,2793
3375,3375,2794
3376,3376,2795
3378,3378,2796
3380,3380,2797
3381,3381,2798
3382,3382,2799
3384,3384,2800
3385,3385,2801
3386,3386,2802
3387,3387,2803
3388,3388,2804
3389,3389,2805
3390,3390,2806
3391,3391,2807
3392,3392,2808
3393,3393,2809
3394,3394,2810
3395,3395,2811
3396,3396,2812
3397,3397,2813
3399,3399,2814
3402,3402,2816
3404,3404,2817
3405,3405,2818
3407,3407,2819
3409,3409,2820
3410,3410,2821
3412,3412,2823
3414,3414,2824
3415,3415,2825
3416,3416,2826
3418,3418,2827
3420,3420,2829
3421,3421,2830
3422,3422,2831
3423,3423,2832
3424,3424,2833
3425,3425,2834
3426,3426,2835
3427,3427,2836
3429,3429,2837
3430,3430,2838
3431,3431,2839
3432,3432,2840
3433,3433,2841
3435,3435,2842
3436,3436,2843
3438,3438,2844
3439,3439,2845
3440,3440,2846
3441,3441,2847
3443,3443,2849
3444,3444,2850
3445,3445,2851
3446,3446,2852
3447,3447,2853
3448,3448,2854
3449,3449,2855
3450,3450,2856
3451,3451,2857
3453,3453,2858
3454,3454,2859
3456,3456,2860
3457,3457,2861
3458,3458,2862
3459,3459,2863
3461,3461,2864
3463,3463,2865
3464,3464,2866
3465,3465,2867
3466,3466,2868
3468,3468,2869
3469,3469,2870
3470,3470,2871
3471,3471,2872
3472,3472,2873
3474,3474,2874
3475,3475,2875
3476,3476,2876
3477,3477,2877
3478,3478,2878
3480,3480,2879
3482,3482,2880
3483,3483,2881
3484,3484,2882
3485,3485,2883
3486,3486,2884
3487,3487,2885
3488,3488,2886
3489,3489,2887
3490,3490,2888
3492,3492,2889
3493,3493,2890
3494,3494,2891
3495,3495,2892
3497,3497,2893
3498,3498,2894
3499,3499,2895
3500,3500,2896
3501,3501,2897
3502,3502,2898
3504,3504,2899
3505,3505,2900
3506,3506,2901
3507,3507,2902
3508,3508,2903
3510,3510,2904
3511,3511,2905
3512,3512,2906
3513,3513,2907
3515,3515,2908
3516,3516,2909
3517,3517,2910
3518,3518,2911
3519,3519,2912
3520,3520,2913
3521,3521,2914
3522,3522,2915
3523,3523,2916
3524,3524,2917
3525,3525,2918
3527,3527,2919
3528,3528,2920
3529,3529,2921
3530,3530,2922
3531,3531,2923
3532,3532,2924
3533,3533,2925
3534,3534,2926
3535,3535,2927
3536,3536,2928
3537,3537,2929
3538,3538,2930
3539,3539,2931
3540,3540,2932
3542,3542,2933
3544,3544,2934
3545,3545,2935
3546,3546,2936
3547,3547,2937
3548,3548,2938
3549,3549,2939
3550,3550,2940
3552,3552,2942
3554,3554,2944
3556,3556,2945
3558,3558,2946
3559,3559,2947
3562,3562,2949
3564,3564,2950
3565,3565,2951
3566,3566,2952
3567,3567,2953
3568,3568,2954
3569,3569,2955
3570,3570,2956
3571,3571,2957
3572,3572,2958
3573,3573,2959
3574,3574,2960
3575,3575,2961
3576,3576,2962
3577,3577,2963
3578,3578,2964
3580,3580,2965
3581,3581,2966
3582,3582,2967
3583,3583,2968
3585,3585,2969
3586,3586,2970
3588,3588,2971
3589,3589,2972
3590,3590,2973
3591,3591,2974
3594,3594,2976
3595,3595,2977
3596,3596,2978
3597,3597,2979
3598,3598,2980
3600,3600,2981
3601,3601,2982
3603,3603,2983
3605,3605,2985
3606,3606,2986
3607,3607,2987
3608,3608,2988
3610,3610,2989
3611,3611,2990
3612,3612,2991
3614,3614,2992
3615,3615,2993
3616,3616,2994
3617,3617,2995
3618,3618,2996
3619,3619,2997
3620,3620,2998
3621,3621,2999
3623,3623,3000
3624,3624,3001
3627,3627,3003
3628,3628,3004
3629,3629,3005
3630,3630,3006
3632,3632,3007
3633,3633,3008
3634,3634,3009
3636,3636,3010
3637,3637,3011
3638,3638,3012
3639,3639,3013
3640,3640,3014
3642,3642,3015
3643,3643,3016
3644,3644,3017
3645,3645,3018
3646,3646,3019
3648,3648,3020
3649,3649,3021
3650,3650,3022
3651,3651,3023
3652,3652,3024
3654,3654,3025
3655,3655,3026
3656,3656,3027
3658,3658,3028
3659,3659,3029
3660,3660,3030
3661,3661,3031
3662,3662,3032
3663,3663,3033
3667,3667,3035
3669,3669,3036
3670,3670,3037
3671,3671,3038
3673,3673,3039
3674,3674,3040
3675,3675,3041
3676,3676,3042
3678,3678,3043
3679,3679,3044
3681,3681,3045
3683,3683,3046
3684,3684,3047
3685,3685,3048
3686,3686,3049
3687,3687,3050
3689,3689,3051
3690,3690,3052
3691,3691,3053
3693,3693,3055
3695,3695,3056
3697,3697,3057
3698,3698,3058
3699,3699,3059
3701,3701,3060
3702,3702,3061
3703,3703,3062
3704,3704,3063
3705,3705,3064
3707,3707,3066
3708,3708,3067
3710,3710,3068
3711,3711,3069
3712,3712,3070
3713,3713,3071
3714,3714,3072
3716,3716,3074
3717,3717,3075
3719,3719,3076
3721,3721,3077
3722,3722,3078
3723,3723,3079
3724,3724,3080
3727,3727,3082
3728,3728,3083
3730,3730,3084
3732,3732,3085
3733,3733,3086
3734,3734,3087
3735,3735,3088
3737,3737,3089
3738,3738,3090
3739,3739,3091
3740,3740,3092
3741,3741,3093
3742,3742,3094
3745,3745,3096
3746,3746,3097
3747,3747,3098
3748,3748,3099
3749,3749,3100
3750,3750,3101
3751,3751,3102
3753,3753,3103
3754,3754,3104
3755,3755,3105
3756,3756,3106
3757,3757,3107
3758,3758,3108
3760,3760,3109
3761,3761,3110
3762,3762,3111
3763,3763,3112
3765,3765,3113
3766,3766,3114
3767,3767,3115
3769,3769,3116
3770,3770,3117
3771,3771,3118
3773,3773,3119
3774,3774,3120
3775,3775,3121
3776,3776,3122
3779,3779,3124
3780,3780,3125
3781,3781,3126
3782,3782,3127
3783,3783,3128
3785,3785,3129
3786,3786,3130
3787,3787,3131
3788,3788,3132
3789,3789,3133
3790,3790,3134
3791,3791,3135
3792,3792,3136
3793,3793,3137
3794,3794,3138
3795,3795,3139
3796,3796,3140
3798,3798,3141
3799,3799,3142
3800,3800,3143
3802,3802,3144
3803,3803,3145
3805,3805,3146
3806,3806,3147
3807,3807,3148
3808,3808,3149
3811,3811,3151
3812,3812,3152
3813,3813,3153
3814,3814,3154
3815,3815,3155
3816,3816,3156
3817,3817,3157
3818,3818,3158
3821,3821,3160
3822,3822,3161
3823,3823,3162
3824,3824,3163
3826,3826,3164
3829,3829,3166
3830,3830,3167
3831,3831,3168
3833,3833,3169
3834,3834,3170
3835,3835,3171
3836,3836,3172
3837,3837,3173
3838,3838,3174
3840,3840,3175
3841,3841,3176
3842,3842,3177
3843,3843,3178
3844,3844,3179
3845,3845,3180
3846,3846,3181
3847,3847,3182
3848,3848,3183
3849,3849,3184
3850,3850,3185
3852,3852,3186
3853,3853,3187
3854,3854,3188
3855,3855,3189
3856,3856,3190
3857,3857,3191
3858,3858,3192
3860,3860,3193
3861,3861,3194
3862,3862,3195
3863,3863,3196
3865,3865,3197
3868,3868,3199
3869,3869,3200
3870,3870,3201
3872,3872,3202
3873,3873,3203
3874,3874,3204
3875,3875,3205
3877,3877,3206
3880,3880,3208
3881,3881,3209
3883,3883,3210
3884,3884,3211
3885,3885,3212
3886,3886,3213
3887,3887,3214
3890,3890,3216
3891,3891,3217
3892,3892,3218
3893,3893,3219
3894,3894,3220
3896,3896,3221
3897,3897,3222
3898,3898,3223
3899,3899,3224
3900,3900,3225
3902,3902,3226
3903,3903,3227
3904,3904,3228
3906,3906,3229
3907,3907,3230
3908,3908,3231
3910,3910,3232
3911,3911,3233
3912,3912,3234
3913,3913,3235
3914,3914,3236
3915,3915,3237
3916,3916,3238
3918,3918,3239
3919,3919,3240
3920,3920,3241
3921,3921,3242
3922,3922,3243
3924,3924,3244
3925,3925,3245
3926,3926,3246
3927,3927,3247
3928,3928,3248
3929,3929,3249
3930,3930,3250
3932,3932,3251
3934,3934,3252
3935,3935,3253
3936,3936,3254
3938,3938,3255
3939,3939,3256
3942,3942,3258
3943,3943,3259
3944,3944,3260
3946,3946,3261
3947,3947,3262
3948,3948,3263
3950,3950,3264
3952,3952,3265
3953,3953,3266
3954,3954,3267
3956,3956,3268
3958,3958,3269
3959,3959,3270
3960,3960,3271
3961,3961,3272
3962,3962,3273
3963,3963,3274
3964,3964,3275
3965,3965,3276
3967,3967,3277
3969,3969,3278
3970,3970,3279
3971,3971,3280
3972,3972,3281
3973,3973,3282
3974,3974,3283
3975,3975,3284
3976,3976,3285
3977,3977,3286
3978,3978,3287
3979,3979,3288
3980,3980,3289
3981,3981,3290
3982,3982,3291
3983,3983,3292
3984,3984,3293
3985,3985,3294
3987,3987,3296
3988,3988,3297
3990,3990,3298
3991,3991,3299
3992,3992,3300
3993,3993,3301
3994,3994,3302
3995,3995,3303
3996,3996,3304
3997,3997,3305
3998,3998,3306
3999,3999,3307
4000,4000,3308
4001,4001,3309
4002,4002,3310
4003,4003,3311
4004,4004,3312
4006,4006,3314
4007,4007,3315
4009,4009,3316
4010,4010,3317
4011,4011,3318
4012,4012,3319
4013,4013,3320
4014,4014,3321
4015,4015,3322
4016,4016,3323
4018,4018,3324
4019,4019,3325
4020,4020,3326
4021,4021,3327
4022,4022,3328
4024,4024,3329
4026,4026,3330
4027,4027,3331
4029,4029,3332
4030,4030,3333
4031,4031,3334
4032,4032,3335
4033,4033,3336
4034,4034,3337
4036,4036,3338
4037,4037,3339
4040,4040,3342
4042,4042,3343
4043,4043,3344
4044,4044,3345
4046,4046,3346
4048,4048,3347
4049,4049,3348
4050,4050,3349
4051,4051,3350
4053,4053,3351
4054,4054,3352
4055,4055,3353
4056,4056,3354
4057,4057,3355
4059,4059,3357
4060,4060,3358
4061,4061,3359
4062,4062,3360
4063,4063,3361
4065,4065,3362
4066,4066,3363
4067,4067,3364
4068,4068,3365
4069,4069,3366
4071,4071,3367
4073,4073,3368
4075,4075,3369
4076,4076,3370
4077,4077,3371
4078,4078,3372
4079,4079,3373
4080,4080,3374
4081,4081,3375
4082,4082,3376
4083,4083,3377
4084,4084,3378
4086,4086,3379
4087,4087,3380
4088,4088,3381
4090,4090,3382
4091,4091,3383
4092,4092,3384
4093,4093,3385
4094,4094,3386
4095,4095,3387
4098,4098,3389
4099,4099,3390
4100,4100,3391
4101,4101,3392
4102,4102,3393
4104,4104,3394
4105,4105,3395
4106,4106,3396
4107,4107,3397
4108,4108,3398
4109,4109,3399
4112,4112,3401
4113,4113,3402
4114,4114,3403
4115,4115,3404
4116,4116,3405
4117,4117,3406
4118,4118,3407
4119,4119,3408
4121,4121,3409
4122,4122,3410
4124,4124,3411
4125,4125,3412
4126,4126,3413
4129,4129,3415
4131,4131,3417
4132,4132,3418
4134,4134,3419
4136,4136,3421
4137,4137,3422
4138,4138,3423
4139,4139,3424
4140,4140,3425
4141,4141,3426
4142,4142,3427
4143,4143,3428
4145,4145,3429
4146,4146,3430
4147,4147,3431
4149,4149,3432
4151,4151,3433
4153,4153,3434
4155,4155,3435
4156,4156,3436
4157,4157,3437
4158,4158,3438
4160,4160,3439
4161,4161,3440
4163,4163,3442
4164,4164,3443
4165,4165,3444
4166,4166,3445
4167,4167,3446
4169,4169,3448
4171,4171,3449
4172,4172,3450
4173,4173,3451
4174,4174,3452
4175,4175,3453
4176,4176,3454
4177,4177,3455
4178,4178,3456
4179,4179,3457
4180,4180,3458
4181,4181,3459
4182,4182,3460
4184,4184,3461
4185,4185,3462
4186,4186,3463
4187,4187,3464
4188,4188,3465
4189,4189,3466
4190,4190,3467
4191,4191,3468
4192,4192,3469
4193,4193,3470
4194,4194,3471
4196,4196,3472
4198,4198,3474
4201,4201,3476
4203,4203,3477
4205,4205,3478
4206,4206,3479
4207,4207,3480
4209,4209,3482
4210,4210,3483
4211,4211,3484
4212,4212,3485
4213,4213,3486
4215,4215,3487
4217,4217,3489
4218,4218,3490
4219,4219,3491
4220,4220,3492
4221,4221,3493
4222,4222,3494
4223,4223,3495
4224,4224,3496
4225,4225,3497
4226,4226,3498
4227,4227,3499
4229,4229,3501
4230,4230,3502
4231,4231,3503
4232,4232,3504
4233,4233,3505
4234,4234,3506
4235,4235,3507
4236,4236,3508
4237,4237,3509
4238,4238,3510
4239,4239,3511
4240,4240,3512
4241,4241,3513
4243,4243,3514
4244,4244,3515
4246,4246,3516
4247,4247,3517
4248,4248,3518
4249,4249,3519
4250,4250,3520
4251,4251,3521
4253,4253,3522
4254,4254,3523
4255,4255,3524
4256,4256,3525
4257,4257,3526
4258,4258,3527
4259,4259,3528
4260,4260,3529
4261,4261,3530
4262,4262,3531
4263,4263,3532
4264,4264,3533
4265,4265,3534
4266,4266,3535
4267,4267,3536
4269,4269,3537
4270,4270,3538
4272,4272,3539
4273,4273,3540
4274,4274,3541
4275,4275,3542
4276,4276,3543
4278,4278,3544
4279,4279,3545
4280,4280,3546
4281,4281,3547
4282,4282,3548
4283,4283,3549
4284,4284,3550
4286,4286,3551
4287,4287,3552
4288,4288,3553
4289,4289,3554
4290,4290,3555
4291,4291,3556
4292,4292,3557
4293,4293,3558
4295,4295,3559
4296,4296,3560
4298,4298,3561
4299,4299,3562
4300,4300,3563
4301,4301,3564
4302,4302,3565
4303,4303,3566
4304,4304,3567
4305,4305,3568
4307,4307,3569
4308,4308,3570
4309,4309,3571
4310,4310,3572
4311,4311,3573
4312,4312,3574
4313,4313,3575
4314,4314,3576
4315,4315,3577
4316,4316,3578
4317,4317,3579
4318,4318,3580
4320,4320,3581
4321,4321,3582
4323,4323,3583
4325,4325,3584
4326,4326,3585
4328,4328,3586
4329,4329,3587
4330,4330,3588
4331,4331,3589
4332,4332,3590
4333,4333,3591
4335,4335,3592
4336,4336,3593
4337,4337,3594
4338,4338,3595
4339,4339,3596
4340,4340,3597
4341,4341,3598
4342,4342,3599
4343,4343,3600
4344,4344,3601
4345,4345,3602
4346,4346,3603
4347,4347,3604
4348,4348,3605
4349,4349,3606
4352,4352,3608
4353,4353,3609
4355,4355,3610
4358,4358,3612
4359,4359,3613
4360,4360,3614
4361,4361,3615
4362,4362,3616
4364,4364,3617
4365,4365,3618
4367,4367,3620
4368,4368,3621
4369,4369,3622
4370,4370,3623
4371,4371,3624
4372,4372,3625
4373,4373,3626
4376,4376,3628
4377,4377,3629
4380,4380,3631
4381,4381,3632
4382,4382,3633
4383,4383,3634
4384,4384,3635
4385,4385,3636
4386,4386,3637
4387,4387,3638
4388,4388,3639
4389,4389,3640
4390,4390,3641
4393,4393,3643
4394,4394,3644
4395,4395,3645
4396,4396,3646
4398,4398,3647
4399,4399,3648
4400,4400,3649
4401,4401,3650
4402,4402,3651
4403,4403,3652
4404,4404,3653
4405,4405,3654
4406,4406,3655
4407,4407,3656
4408,4408,3657
4410,4410,3658
4411,4411,3659
4413,4413,3660
4414,4414,3661
4415,4415,3662
4416,4416,3663
4417,4417,3664
4418,4418,3665
4420,4420,3667
4421,4421,3668
4422,4422,3669
4423,4423,3670
4424,4424,3671
4426,4426,3672
4427,4427,3673
4428,4428,3674
4429,4429,3675
4431,4431,3676
4432,4432,3677
4433,4433,3678
4434,4434,3679
4436,4436,3680
4437,4437,3681
4439,4439,3682
4440,4440,3683
4442,4442,3684
4444,4444,3686
4446,4446,3687
4448,4448,3688
4449,4449,3689
4450,4450,3690
4451,4451,3691
4452,4452,3692
4453,4453,3693
4455,4455,3694
4456,4456,3695
4457,4457,3696
4458,4458,3697
4459,4459,3698
4461,4461,3699
4462,4462,3700
4463,4463,3701
4464,4464,3702
4465,4465,3703
4466,4466,3704
4467,4467,3705
4469,4469,3706
4471,4471,3708
4472,4472,3709
4473,4473,3710
4474,4474,3711
4476,4476,3712
4477,4477,3713
4479,4479,3714
4480,4480,3715
4481,4481,3716
4482,4482,3717
4483,4483,3718
4484,4484,3719
4485,4485,3720
4487,4487,3721
4489,4489,3722
4491,4491,3723
4492,4492,3724
4493,4493,3725
4494,4494,3726
4495,4495,3727
4496,4496,3728
4498,4498,3729
4500,4500,3730
4501,4501,3731
4502,4502,3732
4504,4504,3733
4506,4506,3734
4507,4507,3735
4508,4508,3736
4510,4510,3737
4511,4511,3738
4512,4512,3739
4514,4514,3741
4515,4515,3742
4516,4516,3743
4518,4518,3745
4519,4519,3746
4520,4520,3747
4521,4521,3748
4522,4522,3749
4524,4524,3750
4526,4526,3751
4527,4527,3752
4528,4528,3753
4529,4529,3754
4531,4531,3755
4532,4532,3756
4533,4533,3757
4534,4534,3758
4535,4535,3759
4536,4536,3760
4539,4539,3763
4540,4540,3764
4541,4541,3765
4542,4542,3766
4543,4543,3767
4544,4544,3768
4545,4545,3769
4546,4546,3770
4547,4547,3771
4548,4548,3772
4549,4549,3773
4550,4550,3774
4551,4551,3775
4553,4553,3776
4554,4554,3777
4555,4555,3778
4556,4556,3779
4557,4557,3780
4559,4559,3781
4560,4560,3782
4561,4561,3783
4562,4562,3784
4563,4563,3785
4565,4565,3786
4567,4567,3787
4568,4568,3788
4569,4569,3789
4570,4570,3790
4571,4571,3791
4572,4572,3792
4573,4573,3793
4574,4574,3794
4575,4575,3795
4576,4576,3796
4577,4577,3797
4578,4578,3798
4579,4579,3799
4580,4580,3800
4581,4581,3801
4582,4582,3802
4583,4583,3803
4584,4584,3804
4585,4585,3805
4587,4587,3806
4588,4588,3807
4589,4589,3808
4590,4590,3809
4591,4591,3810
4592,4592,3811
4593,4593,3812
4594,4594,3813
4596,4596,3814
4597,4597,3815
4598,4598,3816
4600,4600,3817
4601,4601,3818
4603,4603,3819
4604,4604,3820
4605,4605,3821
4606,4606,3822
4607,4607,3823
4608,4608,3824
4609,4609,3825
4610,4610,3826
4611,4611,3827
4612,4612,3828
4615,4615,3830
4617,4617,3832
4619,4619,3833
4620,4620,3834
4622,4622,3835
4623,4623,3836
4624,4624,3837
4626,4626,3838
4627,4627,3839
4629,4629,3840
4631,4631,3841
4632,4632,3842
4633,4633,3843
4634,4634,3844
4636,4636,3845
4637,4637,3846
4638,4638,3847
4639,4639,3848
4640,4640,3849
4641,4641,3850
4643,4643,3851
4644,4644,3852
4647,4647,3854
4648,4648,3855
4649,4649,3856
4650,4650,3857
4651,4651,3858
4652,4652,3859
4653,4653,3860
4654,4654,3861
4656,4656,3862
4657,4657,3863
4658,4658,3864
4659,4659,3865
4660,4660,3866
4661,4661,3867
4662,4662,3868
4663,4663,3869
4664,4664,3870
4665,4665,3871
4667,4667,3872
4670,4670,3874
4672,4672,3875
4673,4673,3876
4674,4674,3877
4675,4675,3878
4677,4677,3880
4678,4678,3881
4679,4679,3882
4680,4680,3883
4681,4681,3884
4683,4683,3885
4684,4684,3886
4685,4685,3887
4686,4686,3888
4687,4687,3889
4689,4689,3890
4690,4690,3891
4692,4692,3892
4693,4693,3893
4695,4695,3894
4697,4697,3895
4698,4698,3896
4699,4699,3897
4700,4700,3898
4701,4701,3899
4704,4704,3901
4705,4705,3902
4706,4706,3903
4708,4708,3904
4709,4709,3905
4710,4710,3906
4712,4712,3907
4713,4713,3908
4715,4715,3909
4716,4716,3910
4717,4717,3911
4718,4718,3912
4719,4719,3913
4720,4720,3914
4721,4721,3915
4722,4722,3916
4723,4723,3917
4724,4724,3918
4725,4725,3919
4727,4727,3920
4729,4729,3921
4730,4730,3922
4731,4731,3923
4732,4732,3924
4733,4733,3925
4734,4734,3926
4736,4736,3927
4737,4737,3928
4739,4739,3930
4740,4740,3931
4741,4741,3932
4742,4742,3933
4744,4744,3934
4745,4745,3935
4746,4746,3936
4747,4747,3937
4749,4749,3938
4750,4750,3939
4751,4751,3940
4752,4752,3941
4754,4754,3942
4755,4755,3943
4756,4756,3944
4758,4758,3945
4760,4760,3946
4762,4762,3947
4763,4763,3948
4764,4764,3949
4765,4765,3950
4766,4766,3951
4767,4767,3952
4768,4768,3953
4769,4769,3954
4771,4771,3955
4772,4772,3956
4773,4773,3957
4774,4774,3958
4776,4776,3959
4777,4777,3960
4779,4779,3961
4780,4780,3962
4781,4781,3963
4782,4782,3964
4783,4783,3965
4784,4784,3966
4786,4786,3967
4787,4787,3968
4788,4788,3969
4789,4789,3970
4790,4790,3971
4791,4791,3972
4792,4792,3973
4793,4793,3974
4794,4794,3975
4795,4795,3976
4796,4796,3977
4797,4797,3978
4798,4798,3979
4799,4799,3980
4801,4801,3981
4802,4802,3982
4803,4803,3983
4804,4804,3984
4805,4805,3985
4806,4806,3986
4807,4807,3987
4808,4808,3988
4809,4809,3989
4811,4811,3990
4812,4812,3991
4813,4813,3992
4814,4814,3993
4815,4815,3994
4817,4817,3995
4818,4818,3996
4819,4819,3997
4820,4820,3998
4821,4821,3999
4823,4823,4000
4824,4824,4001
4826,4826,4003
4831,4831,4008
4832,4832,4009
4833,4833,4010
4836,4836,4013
4837,4837,4014
4853,4853,4026
4861,4861,4033
4862,4862,4034
4863,4863,4035
4877,4877,4047
4882,4882,4052
4886,4886,4055
4892,4892,4059
4901,4901,4066
4904,4904,4069
4906,4906,4071
4915,4915,4078
4916,4916,4079
4918,4918,4081
4919,4919,4082
4923,4923,4086
4925,4925,4088
4927,4927,4090
4928,4928,4091
4929,4929,4092
4930,4930,4093
4937,4937,4099
4941,4941,4102
4942,4942,4103
4944,4944,4105
4949,4949,4109
4956,4956,4116
4959,4959,4119
4961,4961,4121
4968,4968,4127
4969,4969,4128
4972,4972,4130
4974,4974,4131
4976,4976,4132
4979,4979,4134
4989,4989,4140
4992,4992,4143
4993,4993,4144
5002,5002,4150
5010,5010,4156
5012,5012,4158
5013,5013,4159
5016,5016,4161
5028,5028,4171
5030,5030,4173
5046,5046,4186
5050,5050,4190
5056,5056,4195
5067,5067,4204
5072,5072,4208
5081,5081,4214
5093,5093,4225
5107,5107,4237
5111,5111,4240
5117,5117,4245
5126,5126,4253
5127,5127,4254
5128,5128,4255
5132,5132,4258
5133,5133,4259
5134,5134,4260
5137,5137,4263
5138,5138,4264
5141,5141,4266
5143,5143,4268
5145,5145,4269
5149,5149,4273
5152,5152,4276
5159,5159,4283
5163,5163,4286
5164,5164,4287
5171,5171,4293
5175,5175,4296
5180,5180,4301
5189,5189,4309
5200,5200,4318
5203,5203,4320
5204,5204,4321
5212,5212,4328
5213,5213,4329
5214,5214,4330
5217,5217,4332
5223,5223,4336
5224,5224,4337
5232,5232,4342
5233,5233,4343
5236,5236,4346
5237,5237,4347
5240,5240,4349
5241,5241,4350
5243,5243,4352
5245,5245,4354
5246,5246,4355
5247,5247,4356
5249,5249,4358
5253,5253,4361
5263,5263,4368
5273,5273,4375
5275,5275,4377
5277,5277,4379
5281,5281,4383
5283,5283,4385
5284,5284,4386
5287,5287,4389
5308,5308,4405
5312,5312,4408
5318,5318,4413
5320,5320,4414
5322,5322,4415
5323,5323,4416
5325,5325,4418
5333,5333,4423
5334,5334,4424
5337,5337,4427
5347,5347,4434
5352,5352,4437
5353,5353,4438
5354,5354,4439
5358,5358,4442
5362,5362,4445
5364,5364,4447
5366,5366,4448
5374,5374,4454
5376,5376,4456
5379,5379,4458
5384,5384,4462
5385,5385,4463
5389,5389,4467
5392,5392,4470
5393,5393,4471
5395,5395,4473
5397,5397,4475
5399,5399,4476
5402,5402,4478
5404,5404,4480
5409,5409,4484
5413,5413,4488
5420,5420,4493
5433,5433,4503
5441,5441,4511
5445,5445,4514
5450,5450,4519
5460,5460,4526
5461,5461,4527
5468,5468,4533
5469,5469,4534
5472,5472,4537
5473,5473,4538
5478,5478,4543
5487,5487,4550
5517,5517,4576
5521,5521,4580
5526,5526,4585
5530,5530,4588
5531,5531,4589
5539,5539,4596
5563,5563,4616
5565,5565,4618
5574,5574,4626
5579,5579,4631
5606,5606,4650
5617,5617,4659
5618,5618,4660
5642,5642,4681
5684,5684,4715
5699,5699,4725
5701,5701,4727
5704,5704,4729
5722,5722,4743
5727,5727,4746
5736,5736,4753
5753,5753,4768
5760,5760,4774
5774,5774,4784
5788,5788,4794
5801,5801,4803
5826,5826,4825
5858,5858,4851
5860,5860,4852
5866,5866,4858
5873,5873,4863
5911,5911,4894
5928,5928,4907
5965,5965,4937
5977,5977,4948
5978,5978,4949
6001,6001,4969
6015,6015,4981
6033,6033,4994
6034,6034,4995
6039,6039,4999
6042,6042,5001
6052,6052,5011
6067,6067,5024
6077,6077,5033
6112,6112,5063
6114,6114,5065
6115,6115,5066
6122,6122,5072
6144,6144,5092
6175,6175,5118
6178,6178,5120
6183,6183,5125
6185,6185,5126
6191,6191,5129
6196,6196,5133
6235,6235,5164
6255,6255,5180
6257,6257,5181
6272,6272,5194
6275,6275,5196
6299,6299,5213
6301,6301,5215
6317,6317,5228
6342,6342,5250
6349,6349,5256
6359,6359,5263
6363,6363,5267
6366,6366,5269
6367,6367,5270
6383,6383,5283
6391,6391,5290
6408,6408,5305
6417,6417,5313
6422,6422,5317
6452,6452,5343
6468,6468,5357
6469,6469,5358
6473,6473,5362
6478,6478,5366
6481,6481,5369
6485,6485,5372
6499,6499,5385
6501,6501,5387
6511,6511,5395
6544,6544,5422
6546,6546,5423
6551,6551,5428
6552,6552,5429
6567,6567,5442
6571,6571,5445
6604,6604,5472
6610,6610,5477
6616,6616,5481
6619,6619,5483
6644,6644,5505
6691,6691,5541
6698,6698,5546
6729,6729,5572
6731,6731,5574
6749,6749,5591
6753,6753,5593
6764,6764,5602
6789,6789,5622
6798,6798,5628
6803,6803,5632
6827,6827,5648
6829,6829,5650
6844,6844,5661
6886,6886,5692
6892,6892,5698
6895,6895,5700
6906,6906,5708
6922,6922,5724
6924,6924,5726
6936,6936,5735
6944,6944,5740
6946,6946,5742
6967,6967,5758
6978,6978,5767
6987,6987,5774
7010,7010,5794
7043,7043,5817
7065,7065,5837
7100,7100,5868
7102,7102,5870
7112,7112,5878
7127,7127,5891
7150,7150,5912
7166,7166,5927
7186,7186,5944
7195,7195,5952
7234,7234,5984
7241,7241,5991
7286,7286,6030
7291,7291,6034
7299,7299,6040
7311,7311,6051
7324,7324,6061
7325,7325,6062
7327,7327,6064
7339,7339,6075
7348,7348,6083
7366,7366,6097
7390,7390,6118
7411,7411,6138
7422,7422,6148
7434,7434,6157
7435,7435,6158
7521,7521,6226
7567,7567,6265
7576,7576,6273
7586,7586,6281
7594,7594,6289
7614,7614,6306
7632,7632,6321
7672,7672,6353
7678,7678,6358
7683,7683,6363
7723,7723,6397
7727,7727,6400
7753,7753,6425
7765,7765,6434
7772,7772,6440
7787,7787,6453
7796,7796,6461
7800,7800,6463
7814,7814,6472
7815,7815,6473
7843,7843,6495
7855,7855,6505
7862,7862,6510
7863,7863,6511
7864,7864,6512
7914,7914,6555
7959,7959,6592
7970,7970,6602
7980,7980,6609
8013,8013,6636
8030,8030,6649
8064,8064,6678
8074,8074,6686
8076,8076,6688
8089,8089,6699
8091,8091,6701
8096,8096,6706
8105,8105,6715
8130,8130,6738
8200,8200,6792
8217,8217,6806
8276,8276,6856
8287,8287,6866
8295,8295,6872
8327,8327,6897
8333,8333,6902
8342,8342,6910
8356,8356,6922
8359,8359,6924
8362,8362,6927
8366,8366,6930
8392,8392,6950
8432,8432,6985
8463,8463,7011
8489,8489,7033
8502,8502,7045
8506,8506,7049
8510,8510,7052
8548,8548,7082
8568,8568,7099
8571,8571,7101
8598,8598,7123
8610,8610,7133
8615,8615,7136
8636,8636,7156
8661,8661,7176
8666,8666,7180
8667,8667,7181
8670,8670,7184
8677,8677,7190
8692,8692,7203
8726,8726,7231
8737,8737,7240
8764,8764,7262
8777,8777,7274
8865,9173,7401
8888,9196,7418
8894,9202,7424
8909,9217,7437
8918,9226,7445
8923,9231,7449
8928,9236,7454
8942,9250,7465
8965,9273,7485
8968,9276,7487
9005,9313,7520
9008,9316,7523
9032,9340,7542
9038,9346,7546
9054,9362,7559
9058,9366,7562
9062,9370,7565
9095,9403,7594
9109,9417,7606
9110,9418,7607
9119,9427,7614
9125,9433,7618
9142,9450,7632
9148,9456,7636
9149,9457,7637
9197,9505,7674
9238,9546,7713
9247,9555,7721
9261,9569,7733
9274,9582,7745
9285,9593,7753
9298,9606,7765
9303,9611,7769
9308,9616,7774
9333,9641,7795
9355,9663,7815
9362,9670,7819
9367,9675,7824
9372,9680,7828
9394,9702,7844
9407,9715,7857
9409,9717,7859
9413,9721,7861
9447,9755,7890
9452,9760,7894
9467,9775,7907
9490,9798,7926
9512,9820,7944
9525,9833,7957
9536,9844,7965
9538,9846,7966
9564,9872,7990
9572,9880,7997
9606,9914,8026
9607,9915,8027
9621,9929,8038
9622,9930,8039
9625,9933,8041
9637,9945,8051
9665,9973,8073
9679,9987,8085
9687,9995,8092
9689,9997,8094
9715,10023,8114
9732,10040,8127
9735,10043,8129
9738,10046,8132
9758,10066,8149
9762,10070,8153
9767,10075,8158
9768,10076,8159
9782,10090,8169
9787,10095,8173
9837,10145,8212
9851,10159,8225
9890,10198,8260
9892,10200,8261
9901,10209,8268
9961,10269,8316
9965,10273,8320
9967,10275,8321
9974,10282,8327
9979,10287,8330
9995,10303,8341
10042,10350,8377
10047,10355,8381
10074,10382,8405
10081,10389,8411
10151,10459,8475
10167,10475,8489
10171,10479,8492
10184,10492,8505
10202,10510,8519
10209,10517,8523
10220,10528,8533
10235,10543,8547
10247,10555,8558
10255,10563,8564
10258,10566,8566
10328,10636,8625
10331,10639,8628
10346,10654,8639
10354,10662,8645
10394,10702,8680
10406,10714,8688
10438,10746,8713
10469,10777,8742
10490,10798,8759
10505,10813,8772
10510,10818,8776
10520,10828,8784
10604,10912,8856
10652,10960,8896
10655,10963,8899
10679,10987,8919
10689,10997,8926
10696,11004,8931
10700,11008,8934
10726,11034,8957
10742,11050,8972
10755,11063,8982
10775,11083,8998
10785,11093,9006
10797,11105,9017
10806,11114,9024
10813,11121,9030
10815,11123,9031
10818,11126,9034
10822,11130,9037
10828,11136,9041
10839,11147,9051
10841,11149,9052
10887,11195,9093
10900,11208,9104
10942,11250,9138
10944,11252,9140
10958,11266,9153
10963,11271,9156
10966,11274,9159
10978,11286,9167
10996,11304,9179
11006,11314,9188
11011,11319,9192
11019,11327,9199
11021,11329,9201
11023,11331,9203
11029,11337,9208
11051,11359,9225
11054,11362,9227
11063,11371,9235
11064,11372,9236
11071,11379,9241
11073,11381,9242
11097,11405,9263
11101,11409,9265
11153,11461,9307
11183,11491,9333
11189,11497,9337
11208,11516,9353
11237,11545,9377
11266,11574,9403
11288,11596,9422
11290,11598,9424
11301,11609,9433
11329,11637,9455
11354,11662,9472
11368,11676,9484
11375,11683,9491
11377,11685,9493
11378,11686,9494
11393,11701,9504
11401,11709,9510
11405,11713,9513
11424,11732,9528
11446,11754,9548
11447,11755,9549
11460,11768,9560
11486,11794,9583
11496,11804,9591
11543,11851,9627
11547,11855,9631
11549,11857,9633
11552,11860,9635
11558,11866,9640
11565,11873,9645
11566,11874,9646
11578,11886,9656
11598,11906,9673
11603,11911,9677
11635,11943,9703
11639,11947,9707
11668,11976,9730
11670,11978,9731
11695,12003,9750
11742,12050,9790
11771,12079,9814
11784,12092,9826
11787,12095,9828
11794,12102,9833
11825,12133,9859
11836,12144,9869
11855,12163,9883
11873,12181,9897
11912,12220,9928
11995,12303,10001
12000,12308,10005
12016,12324,10018
12017,12325,10019
12020,12328,10022
12036,12344,10036
12050,12358,10049
12068,12376,10063
12070,12378,10065
12074,12382,10068
12088,12396,10079
12108,12416,10093
12124,12432,10105
12156,12464,10131
12160,12468,10134
12177,12485,10148
12182,12490,10152
12239,12547,10202
12253,12561,10215
12260,12568,10220
12269,12577,10227
12278,12586,10233
12291,12599,10243
12308,12616,10257
12317,12625,10266
12335,12643,10280
12354,12662,10297
12387,12695,10320
12418,12726,10343
12421,12729,10345
12430,12738,10351
12442,12750,10361
12446,12754,10364
12448,12756,10365
12494,12802,10404
12502,12810,10411
12532,12840,10436
12535,12843,10439
12536,12844,10440
12542,12850,10445
12551,12859,10451
12582,12890,10478
12600,12908,10493
12635,12943,10520
12678,12986,10558
12683,12991,10562
12736,13044,10607
12743,13051,10613
12763,13071,10630
12781,13089,10644
12782,13090,10645
12787,13095,10650
12790,13098,10652
12794,13102,10656
12805,13113,10663
12815,13123,10670
12826,13134,10679
12843,13151,10694
12863,13171,10710
12864,13172,10711
12882,13190,10728
12893,13201,10738
12923,13231,10762
12938,13246,10774
12952,13260,10788
12953,13261,10789
12968,13276,10799
12977,13285,10807
12982,13290,10812
13038,13346,10857
13072,13380,10884
13096,13404,10904
13097,13405,10905
13098,13406,10906
13104,13412,10911
13109,13417,10915
13139,13447,10940
13143,13451,10942
13160,13468,10954
13172,13480,10963
13182,13490,10973
13231,13539,11013
13240,13548,11021
13248,13556,11027
13268,13576,11042
13280,13588,11053
13282,13590,11054
13295,13603,11065
13300,13608,11069
13312,13620,11079
13332,13640,11096
13349,13657,11111
13365,13673,11123
13379,13687,11135
13382,13690,11138
13386,13694,11141
13442,13750,11186
13495,13803,11231
13512,13820,11244
13537,13845,11265
13544,13852,11271
13578,13886,11295
13604,13912,11317
13607,13915,11320
13613,13921,11325
13615,13923,11327
13616,13924,11328
13623,13931,11333
13647,13955,11349
13660,13968,11359
13663,13971,11362
13690,13998,11382
